"FARM","year","Plot","Size","TYPE_clean","plantID","totalBasal","AGM_kg"
"ADJU7",2022,"Plot 1","10x10","Co","ADJU7_22_294",0.204282062299676,0.0983583036969268
"ADJU7",2022,"Plot 1","10x10","Co","ADJU7_22_295",1.0955518981231,0.341198164504494
"ADJU7",2022,"Plot 1","10x10","Co","ADJU7_22_296",12.5450863241311,2.07579330768688
"ADJU7",2022,"Plot 1","10x10","Co","ADJU7_22_297",14.1883749014076,2.27392346794788
"ADJU7",2022,"Plot 1","10x10","Co","ADJU7_22_298",6.77735783158926,1.31564240651418
"ADJU7",2022,"Plot 1","10x10","Co","ADJU7_22_299",1.05714592793297,0.332298864105354
"ADJU7",2022,"Plot 1","10x10","Co","ADJU7_22_300",6.54550829375433,1.28215988394576
"ADJU7",2022,"Plot 1","10x10","Co","ADJU7_22_301",2.11240690027378,0.554861757446981
"ADJU7",2022,"Plot 1","10x10","Co","ADJU7_22_302",1.91401532419958,0.515778565903938
"ADJU7",2022,"Plot 1","10x10","Co","ADJU7_22_303",7.93856901617239,1.47912068621702
"ADJU7",2022,"Plot 1","10x10","Co","ADJU7_22_304",7.63108563520229,1.4364746067276
"ADJU7",2022,"Plot 1","10x10","Co","ADJU7_22_305",3.23654729154455,0.761064065533502
"ADJU7",2022,"Plot 1","10x10","Co","ADJU7_22_306",15.4494101925585,2.42193607132475
"ADJU7",2022,"Plot 1","10x10","Co","ADJU7_22_307",3.91450298618922,0.876174945962697
"ADJU7",2022,"Plot 1","10x10","Co","ADJU7_22_308",3.79410144774039,0.856135684998085
"ADJU7",2022,"Plot 1","10x10","Co","ADJU7_22_309",10.0259217150338,1.7582765445529
"ADJU7",2022,"Plot 1","10x10","Co","ADJU7_22_310",13.8190021451618,2.22993164987304
"ADJU7",2022,"Plot 1","10x10","Co","ADJU7_22_311",2.31448984771594,0.59370417057174
"ADJU7",2022,"Plot 1","10x10","Co","ADJU7_22_312",7.4532714910091,1.41160979677007
"ADJU7",2022,"Plot 1","10x10","Co","ADJU7_22_313",8.81970721568799,1.59903465569823
"ADJU7",2022,"Plot 1","10x10","Co","ADJU7_22_314",12.5062876548593,2.07103683080052
"ADJU7",2022,"Plot 1","10x10","Co","ADJU7_22_315",20.5651011298478,2.99336189866401
"ADJU7",2022,"Plot 1","10x10","Co","ADJU7_22_316",0.914988860358027,0.29859261737673
"ADJU7",2022,"Plot 1","10x10","Co","ADJU7_22_317",15.8135207811096,2.46408157245349
"ADJU7",2022,"Plot 1","10x10","Co","ADJU7_22_318",19.6066797510539,2.88940860996477
"ADJU7",2022,"Plot 1","10x10","Co","ADJU7_22_319",15.4036214796325,2.41661792802946
"ADJU7",2022,"Plot 1","10x10","Co","ADJU7_22_320",3.10892008999246,0.738722214090323
"ADJU7",2022,"Plot 1","10x10","Co","ADJU7_22_321",6.12115766607069,1.22006637523896
"ADJU7",2022,"Plot 1","10x10","Co","ADJU7_22_322",8.6296408601458,1.57344196577756
"ADJU7",2022,"Plot 1","10x10","Co","ADJU7_22_323",7.8729882695287,1.47006152166458
"ADJU7",2022,"Plot 1","10x10","Co","ADJU7_22_324",6.08157359863546,1.21421821698332
"ADJU7",2022,"Plot 1","10x10","Co","ADJU7_22_325",25.863161520678,3.54720690482234
"ADJU7",2022,"Plot 1","10x10","Co","ADJU7_22_326",10.8666119091344,1.86631889020216
"ADJU7",2022,"Plot 1","10x10","Co","ADJU7_22_327",2.56620995908482,0.640879400170178
"ADJU7",2023,"Plot 5","10x10","Co","ADJU7_23_1470",115.607939298349,10.752344740474
"ADJU7",2023,"Plot 5","10x10","Co","ADJU7_23_1471",57.9848790475295,6.45008484220286
"ADJU7",2023,"Plot 5","10x10","Co","ADJU7_23_1472",77.9393009040111,8.02951636463309
"ADJU7",2023,"Plot 5","10x10","Co","ADJU7_23_1473",84.0687837906138,8.49256786213471
"ADJU7",2023,"Plot 5","10x10","Co","ADJU7_23_1474",58.0456366640518,6.45508951983369
"ADJU7",2023,"Plot 5","10x10","Co","ADJU7_23_1475",86.962690137802,8.70812217978081
"ADJU7",2023,"Plot 5","10x10","Co","ADJU7_23_1476",42.4800660831268,5.12257665857148
"ADJU7",2023,"Plot 5","10x10","Co","ADJU7_23_1477",82.7723270422937,8.39537833899213
"ADJU7",2023,"Plot 5","10x10","Co","ADJU7_23_1478",47.2036862572481,5.53861378150513
"ADJU7",2023,"Plot 5","10x10","Co","ADJU7_23_1479",30.7876865449963,4.03595734018137
"ADJU7",2023,"Plot 5","10x10","Co","ADJU7_23_1519",52.645238892531,6.00472426128585
"ADJU7",2023,"Plot 5","10x10","Co","ADJU7_23_1520",67.724883629762,7.23613542500448
"ADJU7",2023,"Plot 5","10x10","Co","ADJU7_23_1521",8.46659220142449,1.55137053852514
"ADJU7",2023,"Plot 5","10x10","Co","ADJU7_23_1522",40.2673638373872,4.92360108001529
"ADJU7",2023,"Plot 5","10x10","Co","ADJU7_23_1523",52.1504380495906,5.96287581906577
"ADJU7",2023,"Plot 5","10x10","Co","ADJU7_23_1524",46.5175820566582,5.47887973504517
"ADJU7",2023,"Plot 5","10x10","Co","ADJU7_23_1525",37.0505300397439,4.62917576314132
"ADJU8",2022,"Plot 1","10x10","Co","ADJU8_22_264",23.8796384590177,3.34365814494749
"ADJU8",2022,"Plot 1","10x10","Co","ADJU8_22_265",17.5147717428448,2.65778519875371
"ADJU8",2022,"Plot 1","10x10","Co","ADJU8_22_266",26.5299645614024,3.61471363200315
"ADJU8",2022,"Plot 1","10x10","Co","ADJU8_22_267",24.5098419453278,3.40878885629451
"ADJU8",2022,"Plot 1","10x10","Co","ADJU8_22_268",42.9980361718874,5.16876238764947
"ADJU8",2022,"Plot 1","10x10","Co","ADJU8_22_269",32.3930403909807,4.19078188094202
"ADJU8",2022,"Plot 1","10x10","Co","ADJU8_22_270",35.846828814521,4.51731877558392
"ADJU8",2022,"Plot 1","10x10","Co","ADJU8_22_271",6.0498435128342,1.2095232757146
"ADJU8",2022,"Plot 1","10x10","Co","ADJU8_22_272",18.0529265644047,2.71802647897839
"ADJU8",2022,"Plot 1","10x10","Co","ADJU8_22_273",20.7737814218625,3.01582780743021
"ADJU8",2022,"Plot 1","10x10","Co","ADJU8_22_274",27.0056802289722,3.6626058252307
"ADJU8",2022,"Plot 1","10x10","Co","ADJU8_22_275",26.7022809184518,3.63208693606747
"ADJU8",2022,"Plot 1","10x10","Co","ADJU8_22_276",28.3481613096675,3.79659661989273
"ADJU8",2022,"Plot 1","10x10","Co","ADJU8_22_277",15.0366049178768,2.37384114427442
"ADJU8",2022,"Plot 1","10x10","Co","ADJU8_22_278",14.3591204621302,2.2941583805434
"ADJU8",2022,"Plot 1","10x10","Co","ADJU8_22_279",21.7153167401434,3.11647425484162
"ADJU8",2022,"Plot 1","10x10","Co","ADJU8_22_280",8.78766297062137,1.59472996077063
"ADJU8",2022,"Plot 1","10x10","Co","ADJU8_22_281",16.569780672645,2.55082410054736
"ADJU8",2022,"Plot 1","10x10","Co","ADJU8_22_282",12.2566881185316,2.04034525904775
"ADJU8",2022,"Plot 1","10x10","Co","ADJU8_22_283",20.338827918973,2.96893505104104
"ADJU8",2022,"Plot 1","10x10","Co","ADJU8_22_284",20.6482747953516,3.00232318674639
"ADJU8",2022,"Plot 1","10x10","Co","ADJU8_22_285",27.684814020862,3.73059974230573
"ADJU8",2022,"Plot 1","10x10","Co","ADJU8_22_286",15.5649422623943,2.43533644536967
"ADJU8",2022,"Plot 1","10x10","Co","ADJU8_22_287",13.9707410703301,2.24804002439987
"ADJU8",2022,"Plot 1","10x10","Co","ADJU8_22_288",23.7529537352617,3.33051190756695
"ADJU8",2022,"Plot 1","10x10","Co","ADJU8_22_289",23.2237524527645,3.27539777708437
"ADJU8",2022,"Plot 1","10x10","Co","ADJU8_22_290",39.611949070032,4.86412370960135
"ADJU8",2022,"Plot 1","10x10","Co","ADJU8_22_291",10.0178321139508,1.75722574676579
"ADJU8",2022,"Plot 1","10x10","Co","ADJU8_22_292",1.64006844480655,0.460024854133198
"ADJU8",2022,"Plot 1","10x10","Co","ADJU8_22_293",32.2731886312462,4.17929293592048
"ADJU8",2023,"Plot 2","10x10","Co","ADJU8_23_1481",42.1837353560769,5.09608814525455
"ADJU8",2023,"Plot 2","10x10","Co","ADJU8_23_1482",32.6097317442621,4.21152589142655
"ADJU8",2023,"Plot 2","10x10","Co","ADJU8_23_1483",23.9389360203542,3.34980531054418
"ADJU8",2023,"Plot 2","10x10","Co","ADJU8_23_1484",39.2934701147743,4.83513045155225
"ADJU8",2023,"Plot 2","10x10","Co","ADJU8_23_1485",15.4880517821977,2.42642092937942
"ADJU8",2023,"Plot 2","10x10","Co","ADJU8_23_1486",16.8389366232413,2.58144667477021
"ADJU8",2023,"Plot 2","10x10","Co","ADJU8_23_1487",3.09446876378595,0.736177580378265
"ADJU8",2023,"Plot 2","10x10","Co","ADJU8_23_1488",3.14159265358979,0.744464023168865
"ADJU8",2023,"Plot 2","10x10","Co","ADJU8_23_1527",7.31221398086292,1.39177531223688
"ADJU8",2023,"Plot 2","10x10","Co","ADJU8_23_1528",27.6378472106908,3.72591152821709
"ADJU8",2023,"Plot 2","10x10","Co","ADJU8_23_1529",32.2651775699796,4.17852460434624
"ADJU8",2023,"Plot 2","10x10","Co","ADJU8_23_1530",23.7103066149892,3.32608227212992
"ADJU8",2023,"Plot 2","10x10","Co","ADJU8_23_1531",18.0570106348544,2.71848185510485
"ADJU8",2023,"Plot 2","10x10","Co","ADJU8_23_1532",18.1722285454248,2.7313177361041
"ADJU8",2023,"Plot 2","10x10","Co","ADJU8_23_1533",16.8389366232413,2.58144667477021
"ADJU8",2023,"Plot 2","10x10","Co","ADJU8_23_1534",21.363615442574,3.07901383574632
"ADJU8",2023,"Plot 2","10x10","Co","ADJU8_23_1535",39.7968317976958,4.8809270637068
"ADJU8",2023,"Plot 2","10x10","Co","ADJU8_23_1536",29.8546335268801,3.94501098817441
"ADJU8",2023,"Plot 2","10x10","Co","ADJU8_23_1537",25.5571703962183,3.51607779597565
"ADJU8",2023,"Plot 2","10x10","Co","ADJU8_23_1538",36.0219726049586,4.53365432374524
"ADJU8",2023,"Plot 2","10x10","Co","ADJU8_23_1539",9.918243626832,1.74427160632367
"ADJU8",2023,"Plot 3","10x10","Co","ADJU8_23_1489",1.03868907109313,0.327992359096982
"ADJU8",2023,"Plot 3","10x10","Co","ADJU8_23_1490",0.976799695817406,0.313403963242211
"ADJU8",2023,"Plot 3","10x10","Co","ADJU8_23_1491",4.05485363798835,0.899333848899936
"ADJU8",2023,"Plot 3","10x10","Co","ADJU8_23_1492",6.36847954772455,1.25638690707706
"ADJU8",2023,"Plot 3","10x10","Co","ADJU8_23_1493",25.1663562701118,3.47617845378965
"ADJU8",2023,"Plot 3","10x10","Co","ADJU8_23_1494",28.4417022309281,3.80587066625784
"ADJU8",2023,"Plot 3","10x10","Co","ADJU8_23_1495",27.7143449918058,3.73354645923399
"ADJU8",2023,"Plot 3","10x10","Co","ADJU8_23_1496",37.3461539084467,4.65650228004394
"ADJU8",2023,"Plot 3","10x10","Co","ADJU8_23_1497",33.4374628686666,4.2904388239766
"ADJU8",2023,"Plot 3","10x10","Co","ADJU8_23_1498",45.822406507281,5.41812234376181
"ADJU8",2023,"Plot 3","10x10","Co","ADJU8_23_1499",42.4272087867302,5.11785535359499
"ADJU8",2023,"Plot 3","10x10","Co","ADJU8_23_1500",33.9919539720252,4.34301851793961
"ADJU8",2023,"Plot 3","10x10","Co","ADJU8_23_1501",36.3208951459477,4.56148714477007
"ADJU8",2023,"Plot 3","10x10","Co","ADJU8_23_1502",30.2377507509854,3.98244206185559
"ADJU8",2023,"Plot 3","10x10","Co","ADJU8_23_1503",48.16257887494,5.62172176965082
"ADJU8",2023,"Plot 3","10x10","Co","ADJU8_23_1504",19.0020802448705,2.82315452127479
"ADJU8",2023,"Plot 4","10x10","Co","ADJU8_23_1505",27.5037012043826,3.71250971212496
"ADJU8",2023,"Plot 4","10x10","Co","ADJU8_23_1506",22.8052923113063,3.23158598995932
"ADJU8",2023,"Plot 4","10x10","Co","ADJU8_23_1507",29.5155771397415,3.9117806763319
"ADJU8",2023,"Plot 4","10x10","Co","ADJU8_23_1508",30.2076700013273,3.97950760045151
"ADJU8",2023,"Plot 4","10x10","Co","ADJU8_23_1509",32.7009164710325,4.22024437004756
"ADJU8",2023,"Plot 4","10x10","Co","ADJU8_23_1510",38.4815254934541,4.7609361587699
"ADJU8",2023,"Plot 4","10x10","Co","ADJU8_23_1511",35.3015268696741,4.46632557434287
"ADJU8",2023,"Plot 4","10x10","Co","ADJU8_23_1512",37.4550100938936,4.66655044467419
"ADJU8",2023,"Plot 4","10x10","Co","ADJU8_23_1513",14.8322443157608,2.34990512026086
"ADJU8",2023,"Plot 4","10x10","Co","ADJU8_23_1514",40.0933981441946,4.90783873951284
"ADJU8",2023,"Plot 4","10x10","Co","ADJU8_23_1515",15.3430672812345,2.40957854062824
"ADJU8",2023,"Plot 4","10x10","Co","ADJU8_23_1516",27.0731459312081,3.66938007522395
"ADJU8",2023,"Plot 4","10x10","Co","ADJU8_23_1517",27.9737620051759,3.75939723587036
"ADJU8",2023,"Plot 4","10x10","Co","ADJU8_23_1518",26.6172222973559,3.62351479018945
"ADJUCP",2022,"Plot 1","10x10","Co","ADJUCP_22_139",3.66435367114713,0.83435520887499
"ADJUCP",2022,"Plot 1","10x10","Co","ADJUCP_22_140",3.80132711084365,0.857342909039554
"ADJUCP",2022,"Plot 1","10x10","Co","ADJUCP_22_141",1.45714921255129,0.421449556208975
"ADJUCP",2022,"Plot 1","10x10","Co","ADJUCP_22_142",1.76714586764426,0.486165860175581
"ADJUCP",2022,"Plot 1","10x10","Co","ADJUCP_22_143",2.01061929829747,0.53493449453038
"ADJUCP",2022,"Plot 1","10x10","Co","ADJUCP_22_144",3.83148640031811,0.862375347631312
"ADJUCP",2022,"Plot 1","10x10","Co","ADJUCP_22_145",0.950331777710913,0.307092302484516
"ADJUCP",2022,"Plot 1","10x10","Co","ADJUCP_22_146",1.83508280877814,0.499940023195287
"ADJUCP",2022,"Plot 1","10x10","Co","ADJUCP_22_147",3.06745106696507,0.731411933658997
"ADJUCP",2022,"Plot 1","10x10","Co","ADJUCP_22_148",4.56057151539996,0.981124658427194
"ADJUCP",2022,"Plot 1","10x10","Co","ADJUCP_22_149",1.30698108370969,0.388833401259513
"ADJUCP",2022,"Plot 1","10x10","Co","ADJUCP_22_150",0.650388219109427,0.231894365115612
"ADJUCP",2022,"Plot 1","10x10","Co","ADJUCP_22_152",0.594467869875528,0.216957167550205
"ADJUCP",2022,"Plot 1","10x10","Co","ADJUCP_22_154",1.0028749148422,0.319578736865935
"ADJUCP",2022,"Plot 1","10x10","Co","ADJUCP_22_155",1.4957122623741,0.429681829152845
"ADJUCP",2022,"Plot 1","10x10","Co","ADJUCP_22_157",2.60155287643771,0.647404666185418
"ADJUCP",2022,"Plot 1","10x10","Co","ADJUCP_22_158",5.81068977207968,1.17392822894634
"ADJUCP",2022,"Plot 1","10x10","Co","ADJUCP_22_159",5.47391103961485,1.1231501562462
"ADJUCP",2022,"Plot 1","10x10","Co","ADJUCP_22_160",4.37435361085843,0.951295284928099
"ADJUCP",2022,"Plot 1","10x10","Co","ADJUCP_22_161",2.43284935093994,0.616043598365062
"ADJUCP",2022,"Plot 1","10x10","Co","ADJUCP_22_162",2.70334047841402,0.666070520528006
"ADJUCP",2022,"Plot 1","10x10","Co","ADJUCP_22_163",1.28679635091038,0.384377088123659
"ADJUCP",2022,"Plot 1","10x10","Co","ADJUCP_22_164",2.03583057934253,0.539894089388491
"ADJUCP",2022,"Plot 1","10x10","Co","ADJUCP_22_165",3.94081382466304,0.880532621558954
"ADJUCP",2022,"Plot 1","10x10","Co","ADJUCP_22_166",2.04140690630265,0.540988914473524
"ADJUCP",2022,"Plot 1","10x10","Co","ADJUCP_22_167",1.0028749148422,0.319578736865935
"ADJUCP",2022,"Plot 1","10x10","Co","ADJUCP_22_168",1.30698108370969,0.388833401259513
"ADJUCP",2022,"Plot 1","10x10","Co","ADJUCP_22_169",1.93592793295837,0.520145266401736
"ADJUCP",2022,"Plot 1","10x10","Co","ADJUCP_22_170",0.516006593352124,0.195365106336367
"ADJUCP",2022,"Plot 1","10x10","Co","ADJUCP_22_172",1.13097335529233,0.349334394379406
"ADJUCP",2022,"Plot 1","10x10","Co","ADJUCP_22_173",1.34782178820636,0.397795923704933
"ADJUCP",2022,"Plot 1","10x10","Co","ADJUCP_22_174",0.541060794764502,0.202346900242622
"ADJUCP",2022,"Plot 1","10x10","Co","ADJUCP_22_175",0.95127425550699,0.307317826435433
"ADJUCP",2022,"Plot 1","10x10","Co","ADJUCP_22_176",2.03583057934253,0.539894089388491
"ADJUCP",2022,"Plot 1","10x10","Co","ADJUCP_22_177",0.407150407905237,0.163922654820816
"ADJUCP",2023,"Plot 2","10x10","Co","ADJUCP_23_1283",4.1547562843725,0.915691865331374
"ADJUCP",2023,"Plot 2","10x10","Co","ADJUCP_23_1285",4.59308699936462,0.986300467669791
"ADJUCP",2023,"Plot 2","10x10","Co","ADJUCP_23_1286",2.11240690027378,0.554861757446981
"ADJUCP",2023,"Plot 2","10x10","Co","ADJUCP_23_1287",2.80120108957334,0.683845034669747
"ADJUCP",2023,"Plot 2","10x10","Co","ADJUCP_23_1289",4.79846861909305,1.01877703926386
"ADJUCP",2023,"Plot 2","10x10","Co","ADJUCP_23_1290",0.785398163397448,0.266660129315032
"ADJUCP",2023,"Plot 2","10x10","Co","ADJUCP_23_1292",1.74366246255867,0.481372843626052
"ADJUCP",2023,"Plot 3","10x10","Co","ADJUCP_23_1295",1.62860163162095,0.457640665703927
"ADJUCP",2023,"Plot 3","10x10","Co","ADJUCP_23_1296",1.47411381288067,0.425077961736616
"ADJUCP",2023,"Plot 3","10x10","Co","ADJUCP_23_1297",1.51746779150021,0.434301778183116
"ADJUCP",2023,"Plot 3","10x10","Co","ADJUCP_23_1298",0.6647610054996,0.23567885265501
"ADJUCP",2023,"Plot 3","10x10","Co","ADJUCP_23_1300",0.407150407905237,0.163922654820816
"ADJUCP",2023,"Plot 3","10x10","Co","ADJUCP_23_1302",0.899202357273739,0.294768680176456
"ADJUCP",2023,"Plot 3","10x10","Co","ADJUCP_23_1304",0.708821842466197,0.247150953069299
"ADJUCP",2023,"Plot 3","10x10","Co","ADJUCP_23_1305",0.594467869875529,0.216957167550205
"ADJUCP",2023,"Plot 3","10x10","Co","ADJUCP_23_1307",0.650388219109427,0.231894365115612
"ADJUCP",2023,"Plot 3","10x10","Co","ADJUCP_23_1308",0.528101725068444,0.198746350915625
"ADJUCP",2023,"Plot 3","10x10","Co","ADJUCP_23_1309",0.899202357273739,0.294768680176456
"ADJUCP",2023,"Plot 3","10x10","Co","ADJUCP_23_1310",0.24630086404144,0.112972877577217
"ADJUCP",2023,"Plot 3","10x10","Co","ADJUCP_23_1311",0.899202357273739,0.294768680176456
"ADJUCP",2023,"Plot 3","10x10","Co","ADJUCP_23_1312",637.947512201211,38.0959012096375
"ADJUCP",2023,"Plot 3","10x10","Co","ADJUCP_23_1313",1.79078635236252,0.490974277498466
"ADJUCP",2023,"Plot 3","10x10","Co","ADJUCP_23_1314",0.441786466911065,0.174140115718618
"ADJUCP",2023,"Plot 3","10x10","Co","ADJUCP_23_1315",0.515299735005066,0.195166869186592
"JAYU2/3",2022,"Plot 1","10x10","Co","JAYU2/3_22_231",14.5570407993063,2.31753582621001
"JAYU2/3",2022,"Plot 1","10x10","Co","JAYU2/3_22_232",46.1847892198726,5.44982370221478
"JAYU2/3",2022,"Plot 1","10x10","Co","JAYU2/3_22_233",1.57700097228574,0.446857312889524
"JAYU2/3",2022,"Plot 1","10x10","Co","JAYU2/3_22_234",1.82879962347096,0.498671732188416
"JAYU2/3",2022,"Plot 1","10x10","Co","JAYU2/3_22_235",0.55417694409324,0.20596838509349
"JAYU2/3",2022,"Plot 1","10x10","Co","JAYU2/3_22_236",8.60246608369225,1.56977095828667
"JAYU2/3",2022,"Plot 1","10x10","Co","JAYU2/3_22_237",2.12748654501101,0.557792522099833
"JAYU2/3",2022,"Plot 1","10x10","Co","JAYU2/3_22_238",12.6591261374564,2.08975185616633
"JAYU2/3",2022,"Plot 1","10x10","Co","JAYU2/3_22_252",4.95743320736469,1.04366653552449
"JAYU2/3",2022,"Plot 1","10x10","Co","JAYU2/3_22_257",3.2939598972889,0.7710396250689
"JAYU2/3",2022,"Plot 1","10x10","Co","JAYU2/3_22_258",2.30451529104079,0.591808184015073
"JAYU2/3",2022,"Plot 1","10x10","Co","JAYU2/3_22_259",0.188574099031727,0.0926993137569339
"JAYU2/3",2022,"Plot 1","10x10","Co","JAYU2/3_22_260",12.785025463049,2.10512419221764
"JAYU2/3",2022,"Plot 1","10x10","Co","JAYU2/3_22_261",8.46133003372973,1.55065638710196
"JAYU2/3",2022,"Plot 1","10x10","Co","JAYU2/3_22_262",8.94238640881067,1.61547756506626
"JAYU2/3",2022,"Plot 1","10x10","Co","JAYU2/3_22_263",7.45986883558164,1.41253507161257
"UTUA16",2022,"Plot 1","10x10","Co","UTUA16_22_116",10.0402159616076,1.76013275658152
"UTUA16",2022,"Plot 1","10x10","Co","UTUA16_22_117",2.65032610238469,0.656371916502397
"UTUA16",2022,"Plot 1","10x10","Co","UTUA16_22_122",6.87042751395186,1.32899911996462
"UTUA16",2022,"Plot 1","10x10","Co","UTUA16_22_123",15.9472740883362,2.4794999876699
"UTUA16",2022,"Plot 1","10x10","Co","UTUA16_22_125",4.76720977218983,1.01385776607324
"UTUA16",2022,"Plot 1","10x10","Co","UTUA16_22_126",4.79854715890939,1.01878938875767
"UTUA16",2022,"Plot 1","10x10","Co","UTUA16_22_127",3.58094438619433,0.820247894415256
"UTUA16",2022,"Plot 1","10x10","Co","UTUA16_22_128",22.241376429987,3.17221376283053
"UTUA16",2022,"Plot 1","10x10","Co","UTUA16_22_130",11.9449635874791,2.00178580141286
"UTUA16",2022,"Plot 1","10x10","Co","UTUA16_22_131",9.28065739778595,1.66051703218465
"UTUA16",2022,"Plot 1","10x10","Co","UTUA16_22_137",7.04667086181825,1.35416461061187
"UTUA18",2022,"Plot 1","10x10","Co","UTUA18_22_209",59.8152172660026,6.60026317706589
"UTUA18",2022,"Plot 1","10x10","Co","UTUA18_22_210",86.1343024205328,8.6466119572559
"UTUA18",2022,"Plot 1","10x10","Co","UTUA18_22_211",75.1208995946594,7.81345208029119
"UTUA18",2022,"Plot 1","10x10","Co","UTUA18_22_212",99.783265863319,9.64176766746999
"UTUA18",2022,"Plot 1","10x10","Co","UTUA18_22_213",4.72393433338663,1.00703357869334
"UTUA18",2022,"Plot 1","10x10","Co","UTUA18_22_217",45.2734131910662,5.36997199619703
"UTUA18",2022,"Plot 1","10x10","Co","UTUA18_22_218",30.6800869966109,4.02550626981486
"UTUA18",2022,"Plot 1","10x10","Co","UTUA18_22_219",7.42570401547385,1.40774116812543
"UTUA18",2022,"Plot 1","10x10","Co","UTUA18_22_221",65.4778594842819,7.05755199470332
"UTUA18",2022,"Plot 1","10x10","Co","UTUA18_22_222",24.5710244622565,3.41508870549107
"UTUA18",2022,"Plot 1","10x10","Co","UTUA18_22_223",14.5762830543096,2.31980422082893
"UTUA18",2022,"Plot 1","10x10","Co","UTUA18_22_224",37.2403607758371,4.64672957374294
"UTUA18",2022,"Plot 1","10x10","Co","UTUA18_22_225",75.4867380591699,7.84161524155892
"UTUA18",2022,"Plot 1","10x10","Co","UTUA18_22_226",80.6386358517918,8.23455989222642
"UTUA18",2022,"Plot 1","10x10","Co","UTUA18_22_227",36.3023597492915,4.55976303761323
"UTUA18",2022,"Plot 1","10x10","Co","UTUA18_22_228",27.5190950083852,3.71404848526589
"UTUA18",2022,"Plot 1","10x10","Co","UTUA18_22_229",2.45468341988239,0.620133479568034
"UTUA18",2022,"Plot 1","10x10","Co","UTUA18_22_230",112.463126512289,10.5349538744065
"UTUA18",2023,"Plot 2","30x30","Co","UTUA18_23_142",49.7863895777643,5.76148790010156
"UTUA18",2023,"Plot 2","30x30","Co","UTUA18_23_143",74.657063074311,7.77769357273619
"UTUA18",2023,"Plot 2","30x30","Co","UTUA18_23_149",10.4440676972266,1.8122971309705
"UTUA18",2023,"Plot 2","30x30","Co","UTUA18_23_154",109.900607924572,10.3566473718031
"UTUA2",2022,"Plot 1","10x10","Co","UTUA2_22_1",1.10214924269564,0.342718670457432
"UTUA2",2022,"Plot 1","10x10","Co","UTUA2_22_10",0.785398163397448,0.266660129315032
"UTUA2",2022,"Plot 1","10x10","Co","UTUA2_22_11",0.470374960058732,0.182417579869647
"UTUA2",2022,"Plot 1","10x10","Co","UTUA2_22_12",22.5832602505139,3.20825518169074
"UTUA2",2022,"Plot 1","10x10","Co","UTUA2_22_13",0.993135977616073,0.317277426046652
"UTUA2",2022,"Plot 1","10x10","Co","UTUA2_22_14",0.590148179976843,0.2157884965688
"UTUA2",2022,"Plot 1","10x10","Co","UTUA2_22_15",0.470374960058732,0.182417579869647
"UTUA2",2022,"Plot 1","10x10","Co","UTUA2_22_16",0.457494430179014,0.178704813633087
"UTUA2",2022,"Plot 1","10x10","Co","UTUA2_22_17",2.83913582086544,0.690691634746321
"UTUA2",2022,"Plot 1","10x10","Co","UTUA2_22_18",0.159043128087983,0.081713998216841
"UTUA2",2022,"Plot 1","10x10","Co","UTUA2_22_19",0.311724531052447,0.134505891475751
"UTUA2",2022,"Plot 1","10x10","Co","UTUA2_22_2",1.26142799023264,0.378750539112879
"UTUA2",2022,"Plot 1","10x10","Co","UTUA2_22_20",0.321699087727595,0.137680318772826
"UTUA2",2022,"Plot 1","10x10","Co","UTUA2_22_21",0.255175863287831,0.115973809107996
"UTUA2",2022,"Plot 1","10x10","Co","UTUA2_22_22",29.4256490500325,3.90295040397166
"UTUA2",2022,"Plot 1","10x10","Co","UTUA2_22_23",20.6717582004372,3.00485163698014
"UTUA2",2022,"Plot 1","10x10","Co","UTUA2_22_24",7.11578590019722,1.36398871961354
"UTUA2",2022,"Plot 1","10x10","Co","UTUA2_22_25",1.4160728886056,0.412618333415132
"UTUA2",2022,"Plot 1","10x10","Co","UTUA2_22_3",2.10188256488425,0.552813112318125
"UTUA2",2022,"Plot 1","10x10","Co","UTUA2_22_4",12.7273772378556,2.09809022780558
"UTUA2",2022,"Plot 1","10x10","Co","UTUA2_22_6",0.576874951015426,0.212183501791827
"UTUA2",2022,"Plot 1","10x10","Co","UTUA2_22_7",1.67462596399604,0.467184103556062
"UTUA2",2022,"Plot 1","10x10","Co","UTUA2_22_8",0.321699087727595,0.137680318772826
"UTUA2",2022,"Plot 1","10x10","Co","UTUA2_22_9",0.229022104446696,0.107048287093855
"UTUA2",2023,"Plot 3","10x10","Co","UTUA2_23_1071",3.6305030103047,0.828640073527086
"UTUA2",2023,"Plot 3","10x10","Co","UTUA2_23_1072",5.26970751713152,1.0919672405755
"UTUA2",2023,"Plot 3","10x10","Co","UTUA2_23_1073",7.58278364815334,1.42973526202408
"UTUA2",2023,"Plot 3","10x10","Co","UTUA2_23_1074",8.24699487493857,1.52146908730607
"UTUA2",2023,"Plot 3","10x10","Co","UTUA2_23_1075",12.5350332276396,2.07456122696078
"UTUA2",2023,"Plot 3","10x10","Co","UTUA2_23_1076",1.64305295782746,0.46064468624562
"UTUA2",2023,"Plot 3","10x10","Co","UTUA2_23_1077",16.6276645172874,2.55742052054297
"UTUA2",2023,"Plot 3","10x10","Co","UTUA2_23_1078",8.46659220142449,1.55137053852514
"UTUA2",2023,"Plot 3","10x10","Co","UTUA2_23_1079",3.95919214168654,0.883572013600909
"UTUA2",2023,"Plot 3","10x10","Co","UTUA2_23_1080",10.2258840874348,1.78418128803404
"UTUA2",2023,"Plot 3","10x10","Co","UTUA2_23_1081",0.759715643454352,0.260174483486324
"UTUA2",2023,"Plot 3","10x10","Co","UTUA2_23_1082",4.90873852123405,1.03606457885901
"UTUA2",2023,"Plot 3","10x10","Co","UTUA2_23_1083",6.08408687275833,1.21458982157367
"UTUA2",2023,"Plot 3","10x10","Co","UTUA2_23_1084",6.24580035460187,1.23841745510252
"UTUA2",2023,"Plot 3","10x10","Co","UTUA2_23_1085",0.430084034276443,0.17071202289245
"UTUA2",2023,"Plot 3","10x10","Co","UTUA2_23_1086",2.71716348608981,0.66859120346359
"UTUA2",2023,"Plot 3","10x10","Co","UTUA2_23_1087",9.66927240903501,1.71173749677298
"UTUA2",2023,"Plot 3","10x10","Co","UTUA2_23_1088",4.04707819617071,0.898056343846806
"UTUA2",2023,"Plot 3","10x10","Co","UTUA2_23_1089",0.865901475145687,0.286644540930022
"UTUA2",2023,"Plot 3","10x10","Co","UTUA2_23_1090",5.66704044799429,1.15236538453948
"UTUA2",2023,"Plot 3","10x10","Co","UTUA2_23_1091",6.0276952846264,1.20624232830311
"UTUA2",2023,"Plot 3","10x10","Co","UTUA2_23_1092",8.5442680797845,1.56189892157841
"UTUA20",2022,"Plot 1","10x10","Co","UTUA20_22_28",10.4194847347122,1.80913696170093
"UTUA20",2022,"Plot 1","10x10","Co","UTUA20_22_31",1.36847775990371,0.402302000612427
"UTUA20",2022,"Plot 1","10x10","Co","UTUA20_22_32",1.12382623200541,0.347698102716024
"UTUA20",2022,"Plot 1","10x10","Co","UTUA20_22_33",1.28679635091038,0.384377088123659
"UTUA20",2022,"Plot 1","10x10","Co","UTUA20_22_36",1.76714586764426,0.486165860175581
"UTUA20",2022,"Plot 1","10x10","Co","UTUA20_22_38",2.68802521422777,0.663273810593869
"UTUA20",2022,"Plot 1","10x10","Co","UTUA20_22_42",0.636172512351933,0.228129837100075
"UTUA20",2022,"Plot 1","10x10","Co","UTUA20_22_49",16.6681125227023,2.56202642374337
"UTUA20",2022,"Plot 1","10x10","Co","UTUA20_22_50",2.29501197326368,0.589999790433207
"UTUA20",2022,"Plot 1","10x10","Co","UTUA20_22_53",3.92086471131274,0.877229287508519
"UTUA20",2022,"Plot 1","10x10","Co","UTUA20_22_61",2.77591126871194,0.679267274350291
"UTUA20",2022,"Plot 1","10x10","Co","UTUA20_22_62",18.035412185361,2.71607331284018
"UTUA20",2022,"Plot 1","10x10","Co","UTUA20_22_64",3.01043116030242,0.721318274170595
"UTUA20",2022,"Plot 1","10x10","Co","UTUA20_22_67",11.6835045388841,1.96924241118247
"UTUA20",2022,"Plot 1","10x10","Co","UTUA20_22_68",10.4816882692533,1.81712956781702
"UTUA20",2022,"Plot 1","10x10","Co","UTUA20_22_73",5.19187455913883,1.0799996507552
"UTUA20",2022,"Plot 1","10x10","Co","UTUA20_22_80",0.407150407905237,0.163922654820816
"UTUA20",2022,"Plot 1","10x10","Co","UTUA20_22_81",0.950331777710913,0.307092302484516
"UTUA20",2023,"Plot 2","10x10","Co","UTUA20_23_1215",10.1996517887773,1.7807904831529
"UTUA20",2023,"Plot 2","10x10","Co","UTUA20_23_1221",2.48845554090848,0.626441026886052
"UTUA20",2023,"Plot 2","10x10","Co","UTUA20_23_1223",12.2632854631041,2.04115856338718
"UTUA20",2023,"Plot 2","10x10","Co","UTUA20_23_1225",1.56608393781451,0.444564248769706
"UTUA20",2023,"Plot 2","10x10","Co","UTUA20_23_161",14.7875551602635,2.34465947148333
"UTUA20",2023,"Plot 2","30x30","Co","UTUA20_23_1229",16.1998581376848,2.50852551328156
"UTUA20",2023,"Plot 2","30x30","Co","UTUA20_23_163",22.254335499683,3.17358251715641
"UTUA20",2023,"Plot 2","30x30","Co","UTUA20_23_164",13.4329789478519,2.1836294852656
"UTUA20",2023,"Plot 2","30x30","Co","UTUA20_23_165",5.16854823368593,1.07640395497493
"UTUA20",2023,"Plot 2","30x30","Co","UTUA20_23_166",18.5795360329627,2.77652597009425
"UTUA20",2023,"Plot 2","30x30","Co","UTUA20_23_168",27.9354345748021,3.75558185439392
"UTUA20",2023,"Plot 2","30x30","Co","UTUA20_23_173",27.9141502845741,3.75346248036239
"UTUA20",2023,"Plot 2","30x30","Co","UTUA20_23_178",15.5672984568845,2.43560946745002
"UTUA20",2023,"Plot 2","30x30","Co","UTUA20_23_180",17.7512551298438,2.68431553920277
"UTUA20",2023,"Plot 2","30x30","Co","UTUA20_23_181",10.0497192793847,1.7613664522285
"UTUA20",2023,"Plot 2","both","Co","UTUA20_23_160",13.1554192369073,2.15012374161754
"UTUA20",2023,"Plot 3","10x10","Co","UTUA20_23_1196",6.34366096576119,1.25275889991995
"UTUA20",2023,"Plot 3","10x10","Co","UTUA20_23_1205",14.5042259144105,2.31130568297024
"UTUA20",2023,"Plot 3","10x10","Co","UTUA20_23_1210",6.56720491801819,1.28530609744284
"UTUA30",2022,"Plot 1","10x10","Co","UTUA30_22_100",4.71050402479254,1.00491243493289
"UTUA30",2022,"Plot 1","10x10","Co","UTUA30_22_101",4.16355274380255,0.917127276252588
"UTUA30",2022,"Plot 1","10x10","Co","UTUA30_22_102",3.22908600899227,0.759764295815863
"UTUA30",2022,"Plot 1","10x10","Co","UTUA30_22_103",12.0281372529829,2.01209942016102
"UTUA30",2022,"Plot 1","10x10","Co","UTUA30_22_104",9.9733785779025,1.7514475254011
"UTUA30",2022,"Plot 1","10x10","Co","UTUA30_22_105",3.18573203037273,0.752196457782202
"UTUA30",2022,"Plot 1","10x10","Co","UTUA30_22_106",2.48845554090848,0.626441026886052
"UTUA30",2022,"Plot 1","10x10","Co","UTUA30_22_107",2.81525971669815,0.686385175734585
"UTUA30",2022,"Plot 1","10x10","Co","UTUA30_22_85",2.21152414849453,0.574028138636462
"UTUA30",2022,"Plot 1","10x10","Co","UTUA30_22_86",2.31865245798195,0.594494781907519
"UTUA30",2022,"Plot 1","10x10","Co","UTUA30_22_87",0.769768739945839,0.262719879122665
"UTUA30",2022,"Plot 1","10x10","Co","UTUA30_22_88",4.82972746599627,1.02368800672491
"UTUA30",2022,"Plot 1","10x10","Co","UTUA30_22_89",3.77792224557441,0.853430387480497
"UTUA30",2022,"Plot 1","10x10","Co","UTUA30_22_93",2.43512700561379,0.616470684135268
"UTUA30",2022,"Plot 1","10x10","Co","UTUA30_22_94",7.84683451068756,1.46644325085204
"UTUA30",2022,"Plot 1","10x10","Co","UTUA30_22_95",0.916088417786784,0.298858320844348
"UTUA30",2022,"Plot 1","10x10","Co","UTUA30_22_96",1.1499014510302,0.35365497829572
"UTUA30",2022,"Plot 1","10x10","Co","UTUA30_22_97",5.75209906909023,1.16515021459037
"UTUA30",2022,"Plot 1","10x10","Co","UTUA30_22_98",0.916088417786784,0.298858320844348
"UTUA30",2023,"Plot 2","10x10","Co","UTUA30_23_1362",9.62505449243573,1.70593675728624
"UTUA30",2023,"Plot 2","10x10","Co","UTUA30_23_1363",16.9569230623377,2.59483020236233
"UTUA30",2023,"Plot 2","10x10","Co","UTUA30_23_1366",11.8300598361741,1.98750691324178
"UTUA30",2023,"Plot 2","10x10","Co","UTUA30_23_1367",13.0500188033793,2.13735237263983
"UTUA30",2023,"Plot 2","10x10","Co","UTUA30_23_1368",35.7662469629564,4.5097960075533
"UTUA30",2023,"Plot 2","10x10","Co","UTUA30_23_1369",16.4613957260961,2.53845649191041
"YAUC4",2022,"Plot 1","10x10","Co","YAUC4_22_178",2.60155287643771,0.647404666185418
"YAUC4",2022,"Plot 1","10x10","Co","YAUC4_22_179",0.985203456165759,0.315398643082252
"YAUC4",2022,"Plot 1","10x10","Co","YAUC4_22_180",5.20318429269176,1.08174150935811
"YAUC4",2022,"Plot 1","10x10","Co","YAUC4_22_181",0.916166957603123,0.298877296496897
"YAUC4",2022,"Plot 1","10x10","Co","YAUC4_22_182",0.650388219109427,0.231894365115612
"YAUC4",2022,"Plot 1","10x10","Co","YAUC4_22_183",0.580880481648753,0.213273644974615
"YAUC4",2022,"Plot 1","10x10","Co","YAUC4_22_185",3.62327734720145,0.827418350570888
"YAUC4",2022,"Plot 1","10x10","Co","YAUC4_22_186",1.60606070433144,0.452941197623187
"YAUC4",2022,"Plot 1","10x10","Co","YAUC4_22_187",2.32352192659501,0.595419180893423
"YAUC4",2022,"Plot 1","10x10","Co","YAUC4_22_188",3.52989350557349,0.811571453476525
"YAUC4",2022,"Plot 1","10x10","Co","YAUC4_22_189",1.4646890349199,0.423063526251098
"YAUC4",2022,"Plot 1","10x10","Co","YAUC4_22_190",6.67297841567374,1.30060585254705
"YAUC4",2022,"Plot 1","10x10","Co","YAUC4_22_191",1.71028304061428,0.474531090614215
"YAUC4",2022,"Plot 1","10x10","Co","YAUC4_22_192",3.6704012370053,0.83537479755283
"YAUC4",2022,"Plot 1","10x10","Co","YAUC4_22_193",1.85424652396504,0.503801376955215
"YAUC4",2022,"Plot 1","10x10","Co","YAUC4_22_194",3.41373311720701,0.791706727439787
"YAUC4",2022,"Plot 1","10x10","Co","YAUC4_22_195",1.03342690339836,0.326760921418767
"YAUC4",2022,"Plot 1","10x10","Co","YAUC4_22_196",0.408407044966673,0.164297199830388
"ADJUCP",2023,"Plot 1","30x30","Ba","ADJUCP_23_190",NA,4.67689907225147
"ADJUCP",2023,"Plot 1","30x30","Ba","ADJUCP_23_203",NA,6.64962342210315
"ADJUCP",2023,"Plot 1","30x30","Ba","ADJUCP_23_206",NA,5.56547413483079
"ADJUCP",2023,"Plot 1","30x30","Ba","ADJUCP_23_207",NA,5.56547413483079
"ADJUCP",2023,"Plot 1","30x30","Ba","ADJUCP_23_218",NA,5.36091061536339
"ADJUCP",2023,"Plot 2","10x10","Ba","ADJUCP_23_1281",NA,2.99315751831206
"ADJUCP",2023,"Plot 2","10x10","Ba","ADJUCP_23_1282",NA,2.84653655003318
"ADJUCP",2023,"Plot 2","10x10","Ba","ADJUCP_23_1284",NA,3.61896207565223
"ADJUCP",2023,"Plot 2","10x10","Ba","ADJUCP_23_1288",NA,1.98817026328396
"ADJUCP",2023,"Plot 2","10x10","Ba","ADJUCP_23_1291",NA,1.59306605199319
"ADJUCP",2023,"Plot 2","10x10","Ba","ADJUCP_23_1294",NA,4.12992940880972
"JAYU2/3",2022,"Plot 1","10x10","Ba","JAYU2/3_22_239",NA,0.648288382285719
"JAYU2/3",2022,"Plot 1","10x10","Ba","JAYU2/3_22_240",NA,2.36405230630137
"JAYU2/3",2022,"Plot 1","10x10","Ba","JAYU2/3_22_241",NA,0.751146657709812
"JAYU2/3",2022,"Plot 1","10x10","Ba","JAYU2/3_22_242",NA,1.15278094519535
"JAYU2/3",2022,"Plot 1","10x10","Ba","JAYU2/3_22_243",NA,0.981185608045739
"JAYU2/3",2022,"Plot 1","10x10","Ba","JAYU2/3_22_244",NA,1.92887637969107
"JAYU2/3",2022,"Plot 1","10x10","Ba","JAYU2/3_22_245",NA,2.23491440743078
"JAYU2/3",2022,"Plot 1","10x10","Ba","JAYU2/3_22_246",NA,2.10962504871995
"JAYU2/3",2022,"Plot 1","10x10","Ba","JAYU2/3_22_247",NA,1.10850360246969
"JAYU2/3",2022,"Plot 1","10x10","Ba","JAYU2/3_22_248",NA,1.15278094519535
"JAYU2/3",2022,"Plot 1","10x10","Ba","JAYU2/3_22_249",NA,0.981185608045739
"JAYU2/3",2022,"Plot 1","10x10","Ba","JAYU2/3_22_250",NA,2.99315751831206
"JAYU2/3",2022,"Plot 1","10x10","Ba","JAYU2/3_22_251",NA,2.56500493923561
"JAYU2/3",2022,"Plot 1","10x10","Ba","JAYU2/3_22_254",NA,2.84653655003318
"JAYU2/3",2022,"Plot 1","10x10","Ba","JAYU2/3_22_255",NA,0.900878373415689
"JAYU2/3",2022,"Plot 1","10x10","Ba","JAYU2/3_22_256",NA,1.10850360246969
"JAYU2/3",2023,"Plot 4","30x30","Ba","JAYU2/3_23_220",NA,7.83682334851483
"JAYU2/3",2023,"Plot 4","30x30","Ba","JAYU2/3_23_221",NA,5.06168733598272
"JAYU2/3",2023,"Plot 4","30x30","Ba","JAYU2/3_23_222",NA,4.5832250969221
"JAYU2/3",2023,"Plot 4","30x30","Ba","JAYU2/3_23_223",NA,9.8131722251713
"JAYU2/3",2023,"Plot 4","30x30","Ba","JAYU2/3_23_224",NA,8.46940538395523
"JAYU2/3",2023,"Plot 4","30x30","Ba","JAYU2/3_23_225",NA,6.99491286212359
"JAYU2/3",2023,"Plot 4","30x30","Ba","JAYU2/3_23_227",NA,4.12992940880972
"JAYU2/3",2023,"Plot 4","30x30","Ba","JAYU2/3_23_228",NA,5.77411395172152
"JAYU2/3",2023,"Plot 4","30x30","Ba","JAYU2/3_23_229",NA,5.06168733598272
"JAYU2/3",2023,"Plot 4","30x30","Ba","JAYU2/3_23_230",NA,8.21324046987266
"JAYU2/3",2023,"Plot 4","30x30","Ba","JAYU2/3_23_231",NA,7.23027330541346
"JAYU2/3",2023,"Plot 4","30x30","Ba","JAYU2/3_23_232",NA,5.06168733598272
"JAYU2/3",2023,"Plot 4","30x30","Ba","JAYU2/3_23_233",NA,5.06168733598272
"JAYU2/3",2023,"Plot 4","30x30","Ba","JAYU2/3_23_234",NA,9.12814708224033
"JAYU2/3",2023,"Plot 4","30x30","Ba","JAYU2/3_23_235",NA,5.87996543480867
"JAYU2/3",2023,"Plot 4","30x30","Ba","JAYU2/3_23_236",NA,5.56547413483079
"JAYU2/3",2023,"Plot 4","30x30","Ba","JAYU2/3_23_237",NA,4.30823808043775
"JAYU2/3",2023,"Plot 4","30x30","Ba","JAYU2/3_23_238",NA,4.5832250969221
"JAYU2/3",2023,"Plot 4","30x30","Ba","JAYU2/3_23_239",NA,9.12814708224033
"JAYU2/3",2023,"Plot 4","30x30","Ba","JAYU2/3_23_240",NA,6.64962342210315
"JAYU2/3",2023,"Plot 4","30x30","Ba","JAYU2/3_23_243",NA,7.71343493738599
"JAYU2/3",2023,"Plot 4","30x30","Ba","JAYU2/3_23_244",NA,12.1832552293619
"JAYU2/3",2023,"Plot 4","30x30","Ba","JAYU2/3_23_246",NA,4.86727219936936
"JAYU2/3",2023,"Plot 4","30x30","Ba","JAYU2/3_23_247",NA,4.77158101513295
"JAYU2/3",2023,"Plot 4","30x30","Ba","JAYU2/3_23_248",NA,4.30823808043775
"JAYU2/3",2023,"Plot 4","30x30","Ba","JAYU2/3_23_249",NA,5.06168733598272
"JAYU2/3",2023,"Plot 4","both","Ba","JAYU2/3_23_226",NA,6.09473739997617
"JAYU2/3",2023,"Plot 4","both","Ba","JAYU2/3_23_241",NA,5.06168733598272
"JAYU2/3",2023,"Plot 4","both","Ba","JAYU2/3_23_242",NA,5.87996543480867
"UTUA16",2022,"Plot 1","10x10","Ba","UTUA16_22_110",NA,3.45658901931288
"UTUA16",2022,"Plot 1","10x10","Ba","UTUA16_22_111",NA,2.49705239342922
"UTUA16",2022,"Plot 1","10x10","Ba","UTUA16_22_112",NA,5.36091061536339
"UTUA16",2022,"Plot 1","10x10","Ba","UTUA16_22_113",NA,2.49705239342922
"UTUA16",2022,"Plot 1","10x10","Ba","UTUA16_22_114",NA,3.45658901931288
"UTUA16",2022,"Plot 1","10x10","Ba","UTUA16_22_115",NA,1.92887637969107
"UTUA16",2022,"Plot 1","10x10","Ba","UTUA16_22_118",NA,2.23491440743078
"UTUA16",2022,"Plot 1","10x10","Ba","UTUA16_22_120",NA,4.96397388850112
"UTUA16",2022,"Plot 1","10x10","Ba","UTUA16_22_121",NA,6.7636878613795
"UTUA16",2022,"Plot 1","10x10","Ba","UTUA16_22_132",NA,1.5404053961254
"UTUA16",2022,"Plot 1","10x10","Ba","UTUA16_22_133",NA,1.5404053961254
"UTUA16",2022,"Plot 1","10x10","Ba","UTUA16_22_134",NA,1.5404053961254
"UTUA16",2022,"Plot 1","10x10","Ba","UTUA16_22_135",NA,3.2981717304073
"UTUA16",2022,"Plot 1","10x10","Ba","UTUA16_22_138",NA,4.49055780489815
"UTUA16",2023,"Plot 2","30x30","Ba","UTUA16_23_103",NA,6.87878397554694
"UTUA16",2023,"Plot 2","30x30","Ba","UTUA16_23_108",NA,5.16041378535476
"UTUA16",2023,"Plot 2","30x30","Ba","UTUA16_23_117",NA,11.4133322717941
"UTUA16",2023,"Plot 2","30x30","Ba","UTUA16_23_119",NA,6.2036601963693
"UTUA16",2023,"Plot 2","30x30","Ba","UTUA16_23_122",NA,6.2036601963693
"UTUA16",2023,"Plot 2","30x30","Ba","UTUA16_23_123",NA,7.11207561117321
"UTUA16",2023,"Plot 2","30x30","Ba","UTUA16_23_84",NA,8.72975588760838
"UTUA16",2023,"Plot 2","30x30","Ba","UTUA16_23_85",NA,4.96397388850112
"UTUA16",2023,"Plot 2","30x30","Ba","UTUA16_23_90",NA,7.23027330541346
"UTUA18",2022,"Plot 1","10x10","Ba","UTUA18_22_215",NA,2.77469222150862
"UTUA18",2022,"Plot 1","10x10","Ba","UTUA18_22_216",NA,3.95562112037355
"UTUA2",2023,"Plot 1","30x30","Ba","UTUA2_23_26",NA,4.12992940880972
"UTUA20",2022,"Plot 1","10x10","Ba","UTUA20_22_29",NA,15.7104468450361
"UTUA20",2022,"Plot 1","10x10","Ba","UTUA20_22_30",NA,4.67689907225147
"UTUA20",2022,"Plot 1","10x10","Ba","UTUA20_22_34",NA,1.64666853991229
"UTUA20",2022,"Plot 1","10x10","Ba","UTUA20_22_35",NA,1.19798111573738
"UTUA20",2022,"Plot 1","10x10","Ba","UTUA20_22_37",NA,1.3880543530842
"UTUA20",2022,"Plot 1","10x10","Ba","UTUA20_22_39",NA,1.8131465279815
"UTUA20",2022,"Plot 1","10x10","Ba","UTUA20_22_40",NA,11.2625499855585
"UTUA20",2022,"Plot 1","10x10","Ba","UTUA20_22_41",NA,6.64962342210315
"UTUA20",2022,"Plot 1","10x10","Ba","UTUA20_22_43",NA,0.940576454344232
"UTUA20",2022,"Plot 1","10x10","Ba","UTUA20_22_44",NA,6.7636878613795
"UTUA20",2022,"Plot 1","10x10","Ba","UTUA20_22_46",NA,1.92887637969107
"UTUA20",2022,"Plot 1","10x10","Ba","UTUA20_22_47",NA,5.16041378535476
"UTUA20",2022,"Plot 1","10x10","Ba","UTUA20_22_48",NA,3.14369853149715
"UTUA20",2022,"Plot 1","10x10","Ba","UTUA20_22_51",NA,1.59306605199319
"UTUA20",2022,"Plot 1","10x10","Ba","UTUA20_22_52",NA,2.77469222150862
"UTUA20",2022,"Plot 1","10x10","Ba","UTUA20_22_54",NA,9.8131722251713
"UTUA20",2022,"Plot 1","10x10","Ba","UTUA20_22_55",NA,5.56547413483079
"UTUA20",2022,"Plot 1","10x10","Ba","UTUA20_22_56",NA,5.06168733598272
"UTUA20",2022,"Plot 1","10x10","Ba","UTUA20_22_57",NA,2.56500493923561
"UTUA20",2022,"Plot 1","10x10","Ba","UTUA20_22_58",NA,7.11207561117321
"UTUA20",2022,"Plot 1","10x10","Ba","UTUA20_22_59",NA,1.02270826449216
"UTUA20",2022,"Plot 1","10x10","Ba","UTUA20_22_60",NA,2.43006873535402
"UTUA20",2022,"Plot 1","10x10","Ba","UTUA20_22_65",NA,2.29900142905315
"UTUA20",2022,"Plot 1","10x10","Ba","UTUA20_22_66",NA,4.21858302558596
"UTUA20",2022,"Plot 1","10x10","Ba","UTUA20_22_69",NA,1.29115886304292
"UTUA20",2022,"Plot 1","10x10","Ba","UTUA20_22_70",NA,3.37688662856403
"UTUA20",2022,"Plot 1","10x10","Ba","UTUA20_22_71",NA,2.04841922016778
"UTUA20",2022,"Plot 1","10x10","Ba","UTUA20_22_72",NA,11.2625499855585
"UTUA20",2022,"Plot 1","10x10","Ba","UTUA20_22_74",NA,2.63392801340713
"UTUA20",2022,"Plot 1","10x10","Ba","UTUA20_22_75",NA,1.8131465279815
"UTUA20",2022,"Plot 1","10x10","Ba","UTUA20_22_76",NA,2.91935779687954
"UTUA20",2022,"Plot 1","10x10","Ba","UTUA20_22_77",NA,13.6366389924971
"UTUA20",2022,"Plot 1","10x10","Ba","UTUA20_22_78",NA,4.21858302558596
"UTUA20",2022,"Plot 1","10x10","Ba","UTUA20_22_79",NA,4.67689907225147
"UTUA20",2022,"Plot 1","10x10","Ba","UTUA20_22_82",NA,3.53728035532091
"UTUA20",2022,"Plot 1","10x10","Ba","UTUA20_22_83",NA,2.56500493923561
"UTUA20",2022,"Plot 1","10x10","Ba","UTUA20_22_84",NA,3.86996373483017
"UTUA20",2023,"Plot 2","30x30","Ba","UTUA20_23_167",NA,8.08672508390425
"UTUA20",2023,"Plot 2","30x30","Ba","UTUA20_23_169",NA,5.77411395172152
"UTUA20",2023,"Plot 2","30x30","Ba","UTUA20_23_171",NA,5.26015447041137
"UTUA20",2023,"Plot 2","30x30","Ba","UTUA20_23_172",NA,5.46268343499742
"UTUA20",2023,"Plot 2","30x30","Ba","UTUA20_23_176",NA,12.1832552293619
"UTUA20",2023,"Plot 2","30x30","Ba","UTUA20_23_177",NA,10.5246009525382
"UTUA20",2023,"Plot 2","30x30","Ba","UTUA20_23_182",NA,8.59905693520656
"UTUA20",2023,"Plot 2","30x30","Ba","UTUA20_23_186",NA,4.96397388850112
"UTUA20",2023,"Plot 3","10x10","Ba","UTUA20_23_1194",NA,3.78530235914818
"UTUA20",2023,"Plot 3","10x10","Ba","UTUA20_23_1197",NA,2.91935779687954
"UTUA20",2023,"Plot 3","10x10","Ba","UTUA20_23_1198",NA,2.10962504871995
"UTUA20",2023,"Plot 3","10x10","Ba","UTUA20_23_1199",NA,4.04227589074223
"UTUA20",2023,"Plot 3","10x10","Ba","UTUA20_23_1200",NA,7.83682334851483
"UTUA20",2023,"Plot 3","10x10","Ba","UTUA20_23_1201",NA,3.61896207565223
"UTUA20",2023,"Plot 3","10x10","Ba","UTUA20_23_1202",NA,6.64962342210315
"UTUA20",2023,"Plot 3","10x10","Ba","UTUA20_23_1204",NA,8.99429997409424
"UTUA20",2023,"Plot 3","10x10","Ba","UTUA20_23_1206",NA,2.23491440743078
"UTUA20",2023,"Plot 3","10x10","Ba","UTUA20_23_1207",NA,6.31360906428023
"UTUA20",2023,"Plot 3","10x10","Ba","UTUA20_23_1208",NA,1.14831172092292
"UTUA20",2023,"Plot 3","10x10","Ba","UTUA20_23_1209",NA,2.04841922016778
"UTUA20",2023,"Plot 3","10x10","Ba","UTUA20_23_1211",NA,0.681680776398339
"UTUA20",2023,"Plot 3","10x10","Ba","UTUA20_23_1212",NA,2.71086629176553
"UTUA20",2023,"Plot 3","10x10","Ba","UTUA20_23_1213",NA,5.16041378535476
"UTUA20",2023,"Plot 3","10x10","Ba","UTUA20_23_1214",NA,2.49705239342922
"UTUA30",2022,"Plot 1","10x10","Ba","UTUA30_22_90",NA,2.91935779687954
"UTUA30",2022,"Plot 1","10x10","Ba","UTUA30_22_91",NA,1.64666853991229
"UTUA30",2022,"Plot 1","10x10","Ba","UTUA30_22_92",NA,8.46940538395523
"UTUA30",2022,"Plot 1","10x10","Ba","UTUA30_22_99",NA,3.06793725482785
"UTUA30",2023,"Plot 2","10x10","Ba","UTUA30_23_1364",NA,10.0945686752938
"UTUA30",2023,"Plot 2","10x10","Ba","UTUA30_23_1365",NA,7.23027330541346
"UTUA30",2023,"Plot 3","10x10","Ba","UTUA30_23_1351",NA,2.63392801340713
"UTUA30",2023,"Plot 3","30x30","Ba","UTUA30_23_253",NA,5.06168733598272
"UTUA30",2023,"Plot 3","30x30","Ba","UTUA30_23_254",NA,5.87996543480867
"UTUA30",2023,"Plot 3","30x30","Ba","UTUA30_23_255",NA,4.77158101513295
"UTUA30",2023,"Plot 3","30x30","Ba","UTUA30_23_256",NA,4.21858302558596
"UTUA30",2023,"Plot 3","30x30","Ba","UTUA30_23_257",NA,4.39889590130285
"UTUA30",2023,"Plot 3","30x30","Ba","UTUA30_23_258",NA,4.30823808043775
"UTUA30",2023,"Plot 3","30x30","Ba","UTUA30_23_259",NA,4.5832250969221
"UTUA30",2023,"Plot 3","30x30","Ba","UTUA30_23_260",NA,9.2630455398169
"UTUA30",2023,"Plot 3","30x30","Ba","UTUA30_23_261",NA,6.99491286212359
"UTUA30",2023,"Plot 3","both","Ba","UTUA30_23_251",NA,5.66928391126269
"YAUC4",2022,"Plot 1","10x10","Ba","YAUC4_22_197",NA,2.70382323892229
"YAUC4",2022,"Plot 1","10x10","Ba","YAUC4_22_198",NA,1.3391408164366
"YAUC4",2022,"Plot 1","10x10","Ba","YAUC4_22_199",NA,1.3880543530842
"YAUC4",2022,"Plot 1","10x10","Ba","YAUC4_22_200",NA,2.17178952582703
"YAUC4",2022,"Plot 1","10x10","Ba","YAUC4_22_201",NA,2.91935779687954
"YAUC4",2022,"Plot 1","10x10","Ba","YAUC4_22_202",NA,0.494617193075234
"YAUC4",2022,"Plot 1","10x10","Ba","YAUC4_22_203",NA,0.648288382285719
"YAUC4",2022,"Plot 1","10x10","Ba","YAUC4_22_204",NA,0.362815019434381
"YAUC4",2022,"Plot 1","10x10","Ba","YAUC4_22_205",NA,2.10962504871995
"YAUC4",2022,"Plot 1","10x10","Ba","YAUC4_22_206",NA,5.77411395172152
"YAUC4",2022,"Plot 1","10x10","Ba","YAUC4_22_207",NA,1.59306605199319
"YAUC4",2022,"Plot 1","10x10","Ba","YAUC4_22_208",NA,11.8720802111016
"ADJUCP",2023,"Plot 1","30x30","Ci","ADJUCP_23_219",53.3520972395887,9.70830851769458
"ADJUCP",2023,"Plot 2","10x10","Ci","ADJUCP_23_1293",0.477836242611008,-6.5065663279895
"JAYU2/3",2023,"Plot 3","10x10","Ci","JAYU2/3_23_1346",33.6115856414918,3.31831808029459
"UTUA16",2023,"Plot 2","10x10","Ci","UTUA16_23_1161",2632.97665695524,4291.2994503911
"UTUA16",2023,"Plot 2","30x30","Ci","UTUA16_23_82",40.5265452313083,5.51110016588506
"UTUA16",2023,"Plot 3","10x10","Ci","UTUA16_23_1170",17.2315571651237,-1.67977529789034
"UTUA16",2023,"Plot 3","10x10","Ci","UTUA16_23_1171",16.300703261865,-1.95552734554833
"UTUA16",2023,"Plot 3","10x10","Ci","UTUA16_23_1172",38.5159259330109,4.8684502822553
"UTUA16",2023,"Plot 3","10x10","Ci","UTUA16_23_1173",27.3495275449076,1.37498846669108
"UTUA18",2023,"Plot 2","30x30","Ci","UTUA18_23_140",201.921940818667,70.6532711629724
"UTUA18",2023,"Plot 2","30x30","Ci","UTUA18_23_147",2907.93669997905,5151.10760675188
"UTUA18",2023,"Plot 2","30x30","Ci","UTUA18_23_156",90.6428020376995,22.8724261949984
"UTUA2",2022,"Plot 1","10x10","Ci","UTUA2_22_26",277.638250760998,110.441733081131
"UTUA2",2022,"Plot 1","10x10","Ci","UTUA2_22_27",469.495314115727,237.648079526273
"UTUA2",2022,"Plot 1","10x10","Ci","UTUA2_22_5",336.70804663012,145.574911663856
"UTUA2",2023,"Plot 1","30x30","Ci","UTUA2_23_1",3110.18654453094,5833.15786159972
"UTUA2",2023,"Plot 1","30x30","Ci","UTUA2_23_10",212.198875786723,75.7080648674621
"UTUA2",2023,"Plot 1","30x30","Ci","UTUA2_23_11",329.43525963706,141.055618848898
"UTUA2",2023,"Plot 1","30x30","Ci","UTUA2_23_12",152.02166850721,47.6528875891097
"UTUA2",2023,"Plot 1","30x30","Ci","UTUA2_23_13",258.725862986387,99.9511988727202
"UTUA2",2023,"Plot 1","30x30","Ci","UTUA2_23_14",184.631400251472,62.3937802049939
"UTUA2",2023,"Plot 1","30x30","Ci","UTUA2_23_15",248.452855009149,94.4069606249218
"UTUA2",2023,"Plot 1","30x30","Ci","UTUA2_23_16",249.866571703264,95.1634915837484
"UTUA2",2023,"Plot 1","30x30","Ci","UTUA2_23_17",269.572211622906,105.922604164333
"UTUA2",2023,"Plot 1","30x30","Ci","UTUA2_23_18",222.98239257017,81.1287572887843
"UTUA2",2023,"Plot 1","30x30","Ci","UTUA2_23_19",236.318453384658,87.9979039591197
"UTUA2",2023,"Plot 1","30x30","Ci","UTUA2_23_2",285.288028872489,114.789439396251
"UTUA2",2023,"Plot 1","30x30","Ci","UTUA2_23_20",87.721120869861,21.7894201766769
"UTUA2",2023,"Plot 1","30x30","Ci","UTUA2_23_21",248.209381578496,94.27687657164
"UTUA2",2023,"Plot 1","30x30","Ci","UTUA2_23_22",314.866123706037,132.165955904824
"UTUA2",2023,"Plot 1","30x30","Ci","UTUA2_23_23",352.439571842971,155.536457569829
"UTUA2",2023,"Plot 1","30x30","Ci","UTUA2_23_24",271.323649527282,106.898190933613
"UTUA2",2023,"Plot 1","30x30","Ci","UTUA2_23_25",141.638704787096,43.1888213001955
"UTUA2",2023,"Plot 1","30x30","Ci","UTUA2_23_27",113.88273369263,31.7994910953633
"UTUA2",2023,"Plot 1","30x30","Ci","UTUA2_23_28",277.269113624201,110.233457645307
"UTUA2",2023,"Plot 1","30x30","Ci","UTUA2_23_29",311.198314282971,129.962346562606
"UTUA2",2023,"Plot 1","30x30","Ci","UTUA2_23_3",187.663037162186,63.8197389439551
"UTUA2",2023,"Plot 1","30x30","Ci","UTUA2_23_30",478.692326609111,244.696379710926
"UTUA2",2023,"Plot 1","30x30","Ci","UTUA2_23_31",214.335158791164,76.7724432938678
"UTUA2",2023,"Plot 1","30x30","Ci","UTUA2_23_32",400.953616396031,187.858653460035
"UTUA2",2023,"Plot 1","30x30","Ci","UTUA2_23_33",177.79058224828,59.2108508912681
"UTUA2",2023,"Plot 1","30x30","Ci","UTUA2_23_4",171.098989896134,56.1438984535688
"UTUA2",2023,"Plot 1","30x30","Ci","UTUA2_23_5",294.218005990318,119.940840486443
"UTUA2",2023,"Plot 1","30x30","Ci","UTUA2_23_6",186.964032796763,63.490117623946
"UTUA2",2023,"Plot 1","30x30","Ci","UTUA2_23_7",228.503741658854,83.9505193381976
"UTUA2",2023,"Plot 1","30x30","Ci","UTUA2_23_8",78.6576260642544,18.4856070508919
"UTUA2",2023,"Plot 1","30x30","Ci","UTUA2_23_9",107.63881829362,29.3464935185946
"UTUA2",2023,"Plot 2","10x10","Ci","UTUA2_23_71",245.004957071834,92.5704815237841
"UTUA2",2023,"Plot 2","10x10","Ci","UTUA2_23_72",369.608375694839,166.698457430122
"UTUA2",2023,"Plot 2","10x10","Ci","UTUA2_23_73",180.93625897232,60.668512176079
"UTUA2",2023,"Plot 3","30x30","Ci","UTUA2_23_34",317.552185424856,133.78850643414
"UTUA2",2023,"Plot 3","30x30","Ci","UTUA2_23_35",239.593563726026,89.7128132299348
"UTUA2",2023,"Plot 3","30x30","Ci","UTUA2_23_36",441.747197002895,216.909729198604
"UTUA2",2023,"Plot 3","30x30","Ci","UTUA2_23_37",254.421881050969,97.6151785017825
"UTUA2",2023,"Plot 3","30x30","Ci","UTUA2_23_38",470.901176828208,238.7198583609
"UTUA2",2023,"Plot 3","30x30","Ci","UTUA2_23_40",188.316881133215,64.1285191641139
"UTUA2",2023,"Plot 3","30x30","Ci","UTUA2_23_41",207.839915979867,73.5508159250851
"UTUA2",2023,"Plot 3","30x30","Ci","UTUA2_23_42",113.177838840981,31.5205577638572
"UTUA2",2023,"Plot 3","30x30","Ci","UTUA2_23_43",182.31447566945,61.3103626836304
"UTUA2",2023,"Plot 3","30x30","Ci","UTUA2_23_44",299.825748876976,123.217660497151
"UTUA2",2023,"Plot 3","30x30","Ci","UTUA2_23_45",294.77563868633,120.265239255234
"UTUA2",2023,"Plot 3","30x30","Ci","UTUA2_23_46",238.965245195308,89.3829590528751
"UTUA2",2023,"Plot 3","30x30","Ci","UTUA2_23_47",280.002299232824,111.778903299851
"UTUA2",2023,"Plot 3","30x30","Ci","UTUA2_23_48",511.113562794157,270.236540092648
"UTUA2",2023,"Plot 3","30x30","Ci","UTUA2_23_49",149.57122623741,46.5893497033729
"UTUA2",2023,"Plot 3","30x30","Ci","UTUA2_23_50",336.849418299532,145.663298438458
"UTUA2",2023,"Plot 3","30x30","Ci","UTUA2_23_51",246.44419920626,93.3355896462676
"UTUA2",2023,"Plot 3","30x30","Ci","UTUA2_23_53",309.250526837745,128.797743599334
"UTUA2",2023,"Plot 3","30x30","Ci","UTUA2_23_54",324.006194832575,137.717455703289
"UTUA2",2023,"Plot 3","30x30","Ci","UTUA2_23_55",412.697282434232,196.046531920451
"UTUA2",2023,"Plot 3","30x30","Ci","UTUA2_23_56",224.875202143957,82.092573659357
"UTUA2",2023,"Plot 3","30x30","Ci","UTUA2_23_58",215.365993880623,77.2877231112706
"UTUA2",2023,"Plot 3","30x30","Ci","UTUA2_23_59",194.660934798058,67.1473408903952
"UTUA2",2023,"Plot 3","30x30","Ci","UTUA2_23_60",229.322519244195,84.3716352350378
"UTUA2",2023,"Plot 3","30x30","Ci","UTUA2_23_61",183.005626053239,61.6329740807628
"UTUA2",2023,"Plot 3","30x30","Ci","UTUA2_23_62",118.037489977003,33.4539441101802
"UTUA2",2023,"Plot 3","30x30","Ci","UTUA2_23_63",341.593223206452,148.641077366855
"UTUA2",2023,"Plot 3","30x30","Ci","UTUA2_23_64",319.327185274135,134.864788236606
"UTUA2",2023,"Plot 3","30x30","Ci","UTUA2_23_65",225.442652317012,82.3822361910832
"UTUA2",2023,"Plot 3","30x30","Ci","UTUA2_23_66",370.59797738072,167.351066160303
"UTUA2",2023,"Plot 3","30x30","Ci","UTUA2_23_67",105.38472556467,28.470791789066
"UTUA2",2023,"Plot 3","30x30","Ci","UTUA2_23_68",367.921733138943,165.58849402777
"UTUA2",2023,"Plot 3","30x30","Ci","UTUA2_23_69",308.394442839642,128.287115592688
"UTUA2",2023,"Plot 3","30x30","Ci","UTUA2_23_70",327.605281916344,139.927037114756
"UTUA20",2023,"Plot 2","10x10","Ci","UTUA20_23_1218",9.62112750161874,-3.90812645452554
"UTUA20",2023,"Plot 2","10x10","Ci","UTUA20_23_1222",10.2835323126282,-3.71653845184876
"UTUA20",2023,"Plot 2","30x30","Ci","UTUA20_23_170",35.2965788612447,3.84811162065163
"UTUA20",2023,"Plot 2","30x30","Ci","UTUA20_23_175",8.97081782232565,-4.09577738335684
"UTUA20",2023,"Plot 2","30x30","Ci","UTUA20_23_179",12.8735398360639,-2.96309817939206
"UTUA20",2023,"Plot 2","30x30","Ci","UTUA20_23_183",12.094974636688,-3.19030983287251
"UTUA20",2023,"Plot 2","30x30","Ci","UTUA20_23_185",8.9375169401976,-4.10537486022992
"ADJU8",2023,"Plot 2","both","In","ADJU8_23_301",NA,23.8238548986907
"ADJUCP",2023,"Plot 1","30x30","In","ADJUCP_23_192",NA,829.621219117798
"ADJUCP",2023,"Plot 1","30x30","In","ADJUCP_23_208",NA,203.680497475847
"ADJUCP",2023,"Plot 1","30x30","In","ADJUCP_23_212",NA,114.250208773655
"ADJUCP",2023,"Plot 3","10x10","In","ADJUCP_23_1306",NA,3125.95840192786
"UTUA16",2023,"Plot 2","10x10","In","UTUA16_23_1169",NA,36.9064420125204
"UTUA18",2022,"Plot 1","10x10","In","UTUA18_22_214",NA,3.39484692087888
"UTUA18",2023,"Plot 2","30x30","In","UTUA18_23_150",NA,97.9758768170949
"UTUA18",2023,"Plot 2","30x30","In","UTUA18_23_151",NA,18.4297743706014
"UTUA18",2023,"Plot 2","30x30","In","UTUA18_23_152",NA,74.0741866890435
"UTUA18",2023,"Plot 2","30x30","In","UTUA18_23_155",NA,219.930343405766
"UTUA18",2023,"Plot 2","30x30","In","UTUA18_23_157",NA,8.67630136820761
"ADJU7",2023,"Plot 1","30x30","Tr","ADJU7_23_300",2264.84482980759,16.7774958008444
"ADJU7",2023,"Plot 2","10x10","Tr","ADJU7_23_1370",10.8150112497992,1.64711780479091
"ADJU7",2023,"Plot 2","10x10","Tr","ADJU7_23_1371",6.9612195416406,1.36027288543443
"ADJU7",2023,"Plot 2","10x10","Tr","ADJU7_23_1372",3.08582938398857,0.955397218074394
"ADJU7",2023,"Plot 2","10x10","Tr","ADJU7_23_1373",5.29429047964586,1.20780874810664
"ADJU7",2023,"Plot 2","10x10","Tr","ADJU7_23_1374",510.705155749191,8.78609398153746
"ADJU7",2023,"Plot 2","10x10","Tr","ADJU7_23_1375",2.05899982516275,0.801441185421457
"ADJU7",2023,"Plot 2","10x10","Tr","ADJU7_23_1376",3.33291564619341,0.987898145749189
"ADJU7",2023,"Plot 2","10x10","Tr","ADJU7_23_1377",1.34782178820636,0.666731723698016
"ADJU7",2023,"Plot 2","10x10","Tr","ADJU7_23_1378",13.9866846530471,1.84174737865517
"ADJU7",2023,"Plot 2","10x10","Tr","ADJU7_23_1379",9.6761839128729,1.56941684538119
"ADJU7",2023,"Plot 2","10x10","Tr","ADJU7_23_1380",1.96066797510539,0.784588466842709
"ADJU7",2023,"Plot 2","10x10","Tr","ADJU7_23_1381",12.8189546637078,1.77331843190205
"ADJU7",2023,"Plot 2","10x10","Tr","ADJU7_23_1382",5.22792433483878,1.20120989332285
"ADJU7",2023,"Plot 2","10x10","Tr","ADJU7_23_1383",11.5209271190608,1.69297515735831
"ADJU7",2023,"Plot 2","10x10","Tr","ADJU7_23_1384",160.606070433144,5.31621697933522
"ADJU7",2023,"Plot 2","10x10","Tr","ADJU7_23_1385",1.43138815279185,0.684379574605997
"ADJU7",2023,"Plot 2","10x10","Tr","ADJU7_23_1386",3.52989350557349,1.01284337997934
"ADJU7",2023,"Plot 2","10x10","Tr","ADJU7_23_1387",12.5663706143592,1.75805812880752
"ADJU7",2023,"Plot 2","10x10","Tr","ADJU7_23_1388",11.4009182796937,1.68529366870647
"ADJU7",2023,"Plot 2","10x10","Tr","ADJU7_23_1389",15.0608737211258,1.90189387715051
"ADJU7",2023,"Plot 2","10x10","Tr","ADJU7_23_1390",0.967689077121996,0.577374508752731
"ADJU7",2023,"Plot 2","10x10","Tr","ADJU7_23_1391",3.46360590058275,1.00453873985319
"ADJU7",2023,"Plot 2","10x10","Tr","ADJU7_23_1392",1.98556509688509,0.788899872898886
"ADJU7",2023,"Plot 2","10x10","Tr","ADJU7_23_1393",11.2758828920808,1.67724162938711
"ADJU7",2023,"Plot 2","10x10","Tr","ADJU7_23_1394",3.52989350557349,1.01284337997934
"ADJU7",2023,"Plot 2","10x10","Tr","ADJU7_23_1395",2.60155287643771,0.887126809269606
"ADJU7",2023,"Plot 2","10x10","Tr","ADJU7_23_1396",2.51649425534176,0.874411616870945
"ADJU7",2023,"Plot 2","10x10","Tr","ADJU7_23_1397",1.16898662640076,0.62676070790175
"ADJU7",2023,"Plot 2","10x10","Tr","ADJU7_23_1398",0.950331777710913,0.572853797048631
"ADJU7",2023,"Plot 2","10x10","Tr","ADJU7_23_1399",1.93592793295837,0.780273473406481
"ADJU7",2023,"Plot 2","10x10","Tr","ADJU7_23_1400",0.4185386812745,0.40121236698058
"ADJU7",2023,"Plot 2","10x10","Tr","ADJU7_23_1401",1.188228881404,0.631220586100254
"ADJU7",2023,"Plot 2","10x10","Tr","ADJU7_23_1402",3.33291564619341,0.987898145749189
"ADJU7",2023,"Plot 2","10x10","Tr","ADJU7_23_1403",1.69716689128555,0.736920362354967
"ADJU7",2023,"Plot 2","10x10","Tr","ADJU7_23_1404",9.89798035421634,1.58494005666671
"ADJU7",2023,"Plot 2","10x10","Tr","ADJU7_23_1405",8.86683110549183,1.51099509357226
"ADJU7",2023,"Plot 2","10x10","Tr","ADJU7_23_1406",0.950331777710913,0.572853797048631
"ADJU7",2023,"Plot 2","10x10","Tr","ADJU7_23_1407",0.708821842466197,0.504361045096019
"ADJU7",2023,"Plot 2","10x10","Tr","ADJU7_23_1408",19.4781886115221,2.12665126582142
"ADJU7",2023,"Plot 2","10x10","Tr","ADJU7_23_1409",2.13667570352276,0.814434404886921
"ADJU7",2023,"Plot 2","10x10","Tr","ADJU7_23_1410",11.5811671581934,1.69681392371439
"ADJU7",2023,"Plot 2","10x10","Tr","ADJU7_23_1411",3.59680942909495,1.02113773083752
"ADJU7",2023,"Plot 2","10x10","Tr","ADJU7_23_1412",3.20473866592695,0.971215033259305
"ADJU7",2023,"Plot 2","10x10","Tr","ADJU7_23_1413",13.1382190171289,1.79236593298533
"ADJU7",2023,"Plot 2","10x10","Tr","ADJU7_23_1414",1.1499014510302,0.622296023146084
"ADJU7",2023,"Plot 2","10x10","Tr","ADJU7_23_1415",7.79311327631118,1.4286229223661
"ADJU7",2023,"Plot 2","10x10","Tr","ADJU7_23_1416",0.4185386812745,0.40121236698058
"ADJU7",2023,"Plot 2","10x10","Tr","ADJU7_23_1417",2.29658276959048,0.840365890672969
"ADJU7",2023,"Plot 2","10x10","Tr","ADJU7_23_1418",3.36535259034173,0.99206224397815
"ADJU7",2023,"Plot 2","10x10","Tr","ADJU7_23_1419",0.769768739945839,0.522756383461896
"ADJU7",2023,"Plot 2","10x10","Tr","ADJU7_23_1420",2.24788808345984,0.832580541746168
"ADJU7",2023,"Plot 2","10x10","Tr","ADJU7_23_1421",330.063578167778,7.26884642927885
"ADJU7",2023,"Plot 2","10x10","Tr","ADJU7_23_1422",6.24580035460187,1.29769303298384
"ADJU7",2023,"Plot 2","10x10","Tr","ADJU7_23_1423",4.1547562843725,1.08713473684993
"ADJU7",2023,"Plot 2","10x10","Tr","ADJU7_23_1424",1.09358840271461,0.608872675827398
"ADJU7",2023,"Plot 2","10x10","Tr","ADJU7_23_1425",4.56167107282872,1.13215621176125
"ADJU7",2023,"Plot 2","10x10","Tr","ADJU7_23_1426",907.92027688745,11.2801857761449
"ADJU7",2023,"Plot 2","10x10","Tr","ADJU7_23_1427",1.0028749148422,0.586399939449926
"ADJU7",2023,"Plot 2","10x10","Tr","ADJU7_23_1428",2.32352192659501,0.844632865430466
"ADJU7",2023,"Plot 2","10x10","Tr","ADJU7_23_1429",3.09446876378595,0.956557959241258
"ADJU7",2023,"Plot 2","10x10","Tr","ADJU7_23_1430",2.32352192659501,0.844632865430466
"ADJU7",2023,"Plot 2","10x10","Tr","ADJU7_23_1431",5.02725510409073,1.18096384601295
"ADJU7",2023,"Plot 2","10x10","Tr","ADJU7_23_1432",1.539380400259,0.706343195302059
"ADJU7",2023,"Plot 2","10x10","Tr","ADJU7_23_1433",330.063578167778,7.26884642927885
"ADJU7",2023,"Plot 2","10x10","Tr","ADJU7_23_1434",0.441786466911065,0.410742988645378
"ADJU7",2023,"Plot 2","10x10","Tr","ADJU7_23_1435",7.79311327631118,1.4286229223661
"ADJU7",2023,"Plot 2","10x10","Tr","ADJU7_23_1436",330.063578167778,7.26884642927885
"ADJU7",2023,"Plot 2","10x10","Tr","ADJU7_23_1437",4.1547562843725,1.08713473684993
"ADJU7",2023,"Plot 2","10x10","Tr","ADJU7_23_1438",1.45267244301992,0.688780730383678
"ADJU7",2023,"Plot 2","10x10","Tr","ADJU7_23_1439",3.14159265358979,0.962857236086013
"ADJU7",2023,"Plot 2","10x10","Tr","ADJU7_23_1440",5.26852941988642,1.20525288684849
"ADJU7",2023,"Plot 2","10x10","Tr","ADJU7_23_1441",4.752915525616,1.15253065654384
"ADJU7",2023,"Plot 2","10x10","Tr","ADJU7_23_1442",1.11220233918713,0.613352053287391
"ADJU7",2023,"Plot 2","10x10","Tr","ADJU7_23_1443",9.84229562443146,1.581061418601
"ADJU7",2023,"Plot 2","10x10","Tr","ADJU7_23_1444",18.2466842913149,2.06717710224384
"ADJU7",2023,"Plot 2","10x10","Tr","ADJU7_23_1445",0.985203456165759,0.581889871551905
"ADJU7",2023,"Plot 2","10x10","Tr","ADJU7_23_1446",0.865901475145687,0.550168039809033
"ADJU7",2023,"Plot 2","10x10","Tr","ADJU7_23_1447",0.608212337734984,0.471920483696457
"ADJU7",2023,"Plot 2","10x10","Tr","ADJU7_23_1448",28.4631436007889,2.50749153225667
"ADJU7",2023,"Plot 2","10x10","Tr","ADJU7_23_1449",3.52989350557349,1.01284337997934
"ADJU7",2023,"Plot 2","10x10","Tr","ADJU7_23_1450",5.7680426518072,1.25361134645428
"ADJU7",2023,"Plot 2","10x10","Tr","ADJU7_23_1451",0.817128249198705,0.5364887023954
"ADJU7",2023,"Plot 2","10x10","Tr","ADJU7_23_1452",0.430084034276443,0.405981909127728
"ADJU7",2023,"Plot 2","10x10","Tr","ADJU7_23_1453",28.1606867680645,2.4958846660944
"ADJU7",2023,"Plot 2","10x10","Tr","ADJU7_23_1454",0.204282062299676,0.293825340991533
"ADJU7",2023,"Plot 2","10x10","Tr","ADJU7_23_1455",3.59680942909495,1.02113773083752
"ADJU7",2023,"Plot 2","10x10","Tr","ADJU7_23_1456",2.54469004940773,0.878653103321774
"ADJU7",2023,"Plot 2","10x10","Tr","ADJU7_23_1457",3.87075630848798,1.05421438447632
"ADJU7",2023,"Plot 2","10x10","Tr","ADJU7_23_1458",7.94226038754036,1.44043351639849
"ADJU7",2023,"Plot 2","10x10","Tr","ADJU7_23_1459",4.79163565507149,1.15659898351504
"ADJU7",2023,"Plot 2","10x10","Tr","ADJU7_23_1460",8.65697271623203,1.49535860669047
"ADJU7",2023,"Plot 2","10x10","Tr","ADJU7_23_1461",1.05683176866761,0.599898898670455
"ADJU7",2023,"Plot 2","10x10","Tr","ADJU7_23_1462",2.54469004940773,0.878653103321774
"ADJU7",2023,"Plot 2","10x10","Tr","ADJU7_23_1463",7.54767635024948,1.40890565104953
"ADJU7",2023,"Plot 2","10x10","Tr","ADJU7_23_1464",2.54469004940773,0.878653103321774
"ADJU7",2023,"Plot 2","10x10","Tr","ADJU7_23_1465",1.28679635091038,0.653449399219
"ADJU7",2023,"Plot 2","10x10","Tr","ADJU7_23_1466",1.58367685667461,0.715099611028663
"ADJU7",2023,"Plot 2","10x10","Tr","ADJU7_23_1467",1.91134497044403,0.775954866726793
"ADJU7",2023,"Plot 2","10x10","Tr","ADJU7_23_1468",0.899202357273739,0.559259012581263
"ADJU7",2023,"Plot 2","10x10","Tr","ADJU7_23_1469",4.22732707467043,1.0953411323546
"ADJUCP",2022,"Plot 1","10x10","Tr","ADJUCP_22_151",2.83528736986479,0.920900837583468
"ADJUCP",2022,"Plot 1","10x10","Tr","ADJUCP_22_153",20.4282062299676,2.17109192787387
"ADJUCP",2022,"Plot 1","10x10","Tr","ADJUCP_22_156",383.596316984948,7.75916269881572
"ADJUCP",2022,"Plot 1","10x10","Tr","ADJUCP_22_171",31.1724531052447,2.60848861859943
"ADJUCP",2023,"Plot 1","30x30","Tr","ADJUCP_23_191",483.051286415967,8.5762198802255
"ADJUCP",2023,"Plot 1","30x30","Tr","ADJUCP_23_193",363.05030103047,7.57585943099998
"ADJUCP",2023,"Plot 1","30x30","Tr","ADJUCP_23_194",346.360590058275,7.42259310232432
"ADJUCP",2023,"Plot 1","30x30","Tr","ADJUCP_23_195",1555.2847130678,14.2507552217525
"ADJUCP",2023,"Plot 1","30x30","Tr","ADJUCP_23_196",2140.0843315519,16.3696807224315
"ADJUCP",2023,"Plot 1","30x30","Tr","ADJUCP_23_197",248.845554090848,6.42971289234244
"ADJUCP",2023,"Plot 1","30x30","Tr","ADJUCP_23_198",1017.87601976309,11.8543499297339
"ADJUCP",2023,"Plot 1","30x30","Tr","ADJUCP_23_199",1333.16625847736,13.3282296168679
"ADJUCP",2023,"Plot 1","30x30","Tr","ADJUCP_23_200",510.705155749191,8.78609398153746
"ADJUCP",2023,"Plot 1","30x30","Tr","ADJUCP_23_201",289.529178954835,6.86675972193199
"ADJUCP",2023,"Plot 1","30x30","Tr","ADJUCP_23_202",637.939658219577,9.67726772259573
"ADJUCP",2023,"Plot 1","30x30","Tr","ADJUCP_23_204",95.0331777710912,4.23284884287777
"ADJUCP",2023,"Plot 1","30x30","Tr","ADJUCP_23_205",373.252623173003,7.66759393948162
"ADJUCP",2023,"Plot 1","30x30","Tr","ADJUCP_23_209",3525.65235549115,20.3328842006337
"ADJUCP",2023,"Plot 1","30x30","Tr","ADJUCP_23_210",136.847775990371,4.9591668050726
"ADJUCP",2023,"Plot 1","30x30","Tr","ADJUCP_23_211",1046.34670318625,11.9972278461443
"ADJUCP",2023,"Plot 1","30x30","Tr","ADJUCP_23_213",1901.1662102464,15.5493694334717
"ADJUCP",2023,"Plot 1","30x30","Tr","ADJUCP_23_214",881.413088872786,11.1359598196896
"ADJUCP",2023,"Plot 1","30x30","Tr","ADJUCP_23_215",2164.75368786422,16.4513655870809
"ADJUCP",2023,"Plot 1","30x30","Tr","ADJUCP_23_216",1385.4423602331,13.552736222264
"ADJUCP",2023,"Plot 1","30x30","Tr","ADJUCP_23_217",1698.22717880613,14.8054563799314
"ADJUCP",2023,"Plot 3","10x10","Tr","ADJUCP_23_1299",411.870650867256,8.00255484279341
"ADJUCP",2023,"Plot 3","10x10","Tr","ADJUCP_23_1301",359.680942909495,7.54524397789316
"ADJUCP",2023,"Plot 3","10x10","Tr","ADJUCP_23_1303",387.075630848798,7.78964922719517
"JAYU2/3",2022,"Plot 1","10x10","Tr","JAYU2/3_22_253",17.3494454294496,2.02240135959365
"JAYU2/3",2023,"Plot 3","10x10","Tr","JAYU2/3_23_1347",530.929158456675,8.93553994671645
"JAYU2/3",2023,"Plot 3","10x10","Tr","JAYU2/3_23_1348",1152.09271190608,12.5094884118165
"JAYU2/3",2023,"Plot 4","30x30","Tr","JAYU2/3_23_245",3400.49130417213,20.016194453773
"UTUA16",2022,"Plot 1","10x10","Tr","UTUA16_22_108",0.693977817177985,0.499746448872673
"UTUA16",2022,"Plot 1","10x10","Tr","UTUA16_22_109",0.362932491305961,0.377126671190822
"UTUA16",2022,"Plot 1","10x10","Tr","UTUA16_22_119",91.6088417786784,4.16592105297042
"UTUA16",2022,"Plot 1","10x10","Tr","UTUA16_22_124",30.1907054009979,2.57248732181642
"UTUA16",2022,"Plot 1","10x10","Tr","UTUA16_22_129",49.0481153041707,3.17599930347608
"UTUA16",2022,"Plot 1","10x10","Tr","UTUA16_22_136",2.89811922293658,0.929708900103055
"UTUA16",2023,"Plot 2","10x10","Tr","UTUA16_23_1150",69.3977817177985,3.69265454596156
"UTUA16",2023,"Plot 2","10x10","Tr","UTUA16_23_1151",1.91134497044403,0.775954866726793
"UTUA16",2023,"Plot 2","10x10","Tr","UTUA16_23_1152",0.36316811075498,0.377232981924424
"UTUA16",2023,"Plot 2","10x10","Tr","UTUA16_23_1153",2.63021990940171,0.891359067224927
"UTUA16",2023,"Plot 2","10x10","Tr","UTUA16_23_1154",3525.65235549115,20.3328842006337
"UTUA16",2023,"Plot 2","10x10","Tr","UTUA16_23_1155",23.3282889483127,2.29993965565564
"UTUA16",2023,"Plot 2","10x10","Tr","UTUA16_23_1156",3.26851299679482,0.979561962990094
"UTUA16",2023,"Plot 2","10x10","Tr","UTUA16_23_1157",17.5615814733833,2.03310386499018
"UTUA16",2023,"Plot 2","10x10","Tr","UTUA16_23_1158",35.2565235549115,2.75175664231001
"UTUA16",2023,"Plot 2","10x10","Tr","UTUA16_23_1159",70.8821842466197,3.72675205632978
"UTUA16",2023,"Plot 2","10x10","Tr","UTUA16_23_1160",0.916088417786784,0.56379610564512
"UTUA16",2023,"Plot 2","10x10","Tr","UTUA16_23_1162",530.929158456675,8.93553994671645
"UTUA16",2023,"Plot 2","10x10","Tr","UTUA16_23_1163",7.35415424278835,1.39310174778337
"UTUA16",2023,"Plot 2","10x10","Tr","UTUA16_23_1164",0.679290871522453,0.495125396849827
"UTUA16",2023,"Plot 2","10x10","Tr","UTUA16_23_1165",6.29017535083382,1.30168913075207
"UTUA16",2023,"Plot 2","10x10","Tr","UTUA16_23_1166",18.6868999618991,2.0886903873588
"UTUA16",2023,"Plot 2","10x10","Tr","UTUA16_23_1167",208.672438033068,5.95639296216121
"UTUA16",2023,"Plot 2","10x10","Tr","UTUA16_23_1168",6.46924613208844,1.31765504382761
"UTUA16",2023,"Plot 2","30x30","Tr","UTUA16_23_100",620.158243800259,9.5591854664225
"UTUA16",2023,"Plot 2","30x30","Tr","UTUA16_23_101",799.229025054877,10.672509688826
"UTUA16",2023,"Plot 2","30x30","Tr","UTUA16_23_102",194.82783190778,5.78142965709394
"UTUA16",2023,"Plot 2","30x30","Tr","UTUA16_23_104",204.721885271179,5.90715467069714
"UTUA16",2023,"Plot 2","30x30","Tr","UTUA16_23_105",120.762821603992,4.69704342230196
"UTUA16",2023,"Plot 2","30x30","Tr","UTUA16_23_106",585.349397198484,9.32235403295089
"UTUA16",2023,"Plot 2","30x30","Tr","UTUA16_23_107",76.7883784353685,3.85856555506529
"UTUA16",2023,"Plot 2","30x30","Tr","UTUA16_23_109",153.9380400259,5.21920949518484
"UTUA16",2023,"Plot 2","30x30","Tr","UTUA16_23_110",829.576810088555,10.8466535443896
"UTUA16",2023,"Plot 2","30x30","Tr","UTUA16_23_111",118.8228881404,4.66412432149466
"UTUA16",2023,"Plot 2","30x30","Tr","UTUA16_23_112",2463.0086404144,17.3999256875094
"UTUA16",2023,"Plot 2","30x30","Tr","UTUA16_23_113",960.589077724883,11.5598471892306
"UTUA16",2023,"Plot 2","30x30","Tr","UTUA16_23_114",40.0945762414397,2.90980371724263
"UTUA16",2023,"Plot 2","30x30","Tr","UTUA16_23_115",593.95736106932,9.38164639083184
"UTUA16",2023,"Plot 2","30x30","Tr","UTUA16_23_116",572.55526111674,9.23330826633511
"UTUA16",2023,"Plot 2","30x30","Tr","UTUA16_23_118",962.112750161874,11.567806869807
"UTUA16",2023,"Plot 2","30x30","Tr","UTUA16_23_120",683.492751696629,9.97152881080983
"UTUA16",2023,"Plot 2","30x30","Tr","UTUA16_23_121",740.237769002095,10.3229672220552
"UTUA16",2023,"Plot 2","30x30","Tr","UTUA16_23_124",85.6869396266616,4.04675219383515
"UTUA16",2023,"Plot 2","30x30","Tr","UTUA16_23_125",201.061929829747,5.86105631969643
"UTUA16",2023,"Plot 2","30x30","Tr","UTUA16_23_126",459.960580412082,8.39570791973173
"UTUA16",2023,"Plot 2","30x30","Tr","UTUA16_23_127",513.503136706294,8.80696689439566
"UTUA16",2023,"Plot 2","30x30","Tr","UTUA16_23_128",3473.22702808437,20.2010214906444
"UTUA16",2023,"Plot 2","30x30","Tr","UTUA16_23_129",109.366694253095,4.49913468116856
"UTUA16",2023,"Plot 2","30x30","Tr","UTUA16_23_130",572.55526111674,9.23330826633511
"UTUA16",2023,"Plot 2","30x30","Tr","UTUA16_23_131",176.714586764426,5.54153977284015
"UTUA16",2023,"Plot 2","30x30","Tr","UTUA16_23_132",94.9357098590136,4.23096289571991
"UTUA16",2023,"Plot 2","30x30","Tr","UTUA16_23_80",5371.56580494253,24.4126368145873
"UTUA16",2023,"Plot 2","30x30","Tr","UTUA16_23_81",73.4288377914359,3.7843216657649
"UTUA16",2023,"Plot 2","30x30","Tr","UTUA16_23_83",18.3390471153304,2.07171499915939
"UTUA16",2023,"Plot 2","30x30","Tr","UTUA16_23_86",183.853856069709,5.6376806180912
"UTUA16",2023,"Plot 2","30x30","Tr","UTUA16_23_87",98.5203456165759,4.29961690429658
"UTUA16",2023,"Plot 2","30x30","Tr","UTUA16_23_88",134.782178820636,4.92651810934137
"UTUA16",2023,"Plot 2","30x30","Tr","UTUA16_23_89",730.616641500476,10.2644817290135
"UTUA16",2023,"Plot 2","30x30","Tr","UTUA16_23_91",243.284935093994,6.36691605776801
"UTUA16",2023,"Plot 2","30x30","Tr","UTUA16_23_92",326.851299679482,7.23803829691243
"UTUA16",2023,"Plot 2","30x30","Tr","UTUA16_23_93",83.3228911548353,3.99788044039158
"UTUA16",2023,"Plot 2","30x30","Tr","UTUA16_23_94",1479.3445646489,13.9442793314247
"UTUA16",2023,"Plot 2","30x30","Tr","UTUA16_23_95",1654.68470462738,14.6393813838765
"UTUA16",2023,"Plot 2","30x30","Tr","UTUA16_23_96",204.494119803794,5.90429955976428
"UTUA16",2023,"Plot 2","30x30","Tr","UTUA16_23_97",47.2986408952028,3.12629520106937
"UTUA16",2023,"Plot 2","30x30","Tr","UTUA16_23_98",2178.26253627465,16.4958728967965
"UTUA16",2023,"Plot 2","30x30","Tr","UTUA16_23_99",174.366246255868,5.50943687937004
"UTUA18",2022,"Plot 1","10x10","Tr","UTUA18_22_220",68.5024278115254,3.67188797246021
"UTUA18",2023,"Plot 2","10x10","Tr","UTUA18_23_1193",15.7632552986521,1.93991839811346
"UTUA18",2023,"Plot 2","30x30","Tr","UTUA18_23_141",53.854752064163,3.30760390285676
"UTUA18",2023,"Plot 2","30x30","Tr","UTUA18_23_144",221.874981159779,6.1172236003854
"UTUA18",2023,"Plot 2","30x30","Tr","UTUA18_23_145",183.853856069709,5.6376806180912
"UTUA18",2023,"Plot 2","30x30","Tr","UTUA18_23_146",2687.82886468692,18.0726837555759
"UTUA18",2023,"Plot 2","30x30","Tr","UTUA18_23_148",153.152641862502,5.20762809865847
"UTUA18",2023,"Plot 2","30x30","Tr","UTUA18_23_153",40.7234445508721,2.92953733740051
"UTUA2",2023,"Plot 2","10x10","Tr","UTUA2_23_1094",2.19974317604357,0.824788721269127
"UTUA2",2023,"Plot 3","30x30","Tr","UTUA2_23_39",116.94578652988,4.63198072558243
"UTUA2",2023,"Plot 3","30x30","Tr","UTUA2_23_52",6.15752160103599,1.28969524212802
"UTUA2",2023,"Plot 3","30x30","Tr","UTUA2_23_57",240.481063650665,6.3349434310069
"UTUA20",2022,"Plot 1","10x10","Tr","UTUA20_22_45",5.01162568063912,1.17936791061878
"UTUA20",2022,"Plot 1","10x10","Tr","UTUA20_22_63",1164.15642769587,12.5662084264613
"UTUA20",2023,"Plot 2","10x10","Tr","UTUA20_23_1216",0.430084034276443,0.405981909127728
"UTUA20",2023,"Plot 2","30x30","Tr","UTUA20_23_174",39.3449136944769,2.88604945677649
"UTUA20",2023,"Plot 2","30x30","Tr","UTUA20_23_184",130.698108370969,4.86112212881863
"UTUA20",2023,"Plot 2","both","Tr","UTUA20_23_159",265.90440219984,6.61755209492613
"UTUA20",2023,"Plot 2","both","Tr","UTUA20_23_162",330.063578167778,7.26884642927885
"UTUA20",2023,"Plot 3","10x10","Tr","UTUA20_23_1195",551.545860245858,9.08460869378051
"UTUA20",2023,"Plot 3","10x10","Tr","UTUA20_23_1203",1914.39231531801,15.596256886325
"UTUA30",2023,"Plot 3","30x30","Tr","UTUA30_23_252",143.36658074657,5.06041212474263
"UTUA30",2023,"Plot 3","both","Tr","UTUA30_23_250",651.385674776942,9.76532849069975
"YAUC4",2022,"Plot 1","10x10","Tr","YAUC4_22_184",1901.1662102464,15.5493694334717
